office,email,emails_all,phone,phones_all,address,region,department,city,url,source,date_scraping
"Office notarial SELARL LEMBREZ et Associés, Notaires à LYON (69004) | 5 rue Duviard",simon.thiriat@lembrez.notaires.fr,simon.thiriat@lembrez.notaires.fr,0426316958,0426316958,Bureau principal 5 rue Duviard 69004 LYON France,Auvergne-Rhône-Alpes,Rhône,Lyon,https://www.notaires.fr/fr/office/selarl-lembrez-et-associes-notaires,notaires.fr,2026-06-19 13:28:41
Office notarial SELARL NOTAIRES CONDRIEU à CONDRIEU (69420) | 40 rue des Granges,notairescondrieu@69036.notaires.fr,notairescondrieu@69036.notaires.fr,0474595233,0474595233,Bureau principal 40 rue des Granges 69420 CONDRIEU France,Auvergne-Rhône-Alpes,Rhône,Condrieu,https://www.notaires.fr/fr/office/selarl-notaires-condrieu,notaires.fr,2026-06-19 13:28:43
"Office notarial SELARL NOTAIRES, Familles et Patrimoines à ARNAS (69400) | 61 route d’Herbain",notnfp@notaires.fr,notnfp@notaires.fr,0474048562,0474048562,Bureau principal 61 route d’Herbain 69400 ARNAS France,Auvergne-Rhône-Alpes,Rhône,Arnas,https://www.notaires.fr/fr/office/selarl-notaires-familles-et-patrimoines,notaires.fr,2026-06-19 13:28:45
"Office notarial SELARL NOTAIRES, Familles et Patrimoines à BEAUJEU (69430) | 35 rue du Général Leclerc",notnfp@notaires.fr,notnfp@notaires.fr,0474048562,0474048562,Bureau principal 35 rue du Général Leclerc 69430 BEAUJEU France,Auvergne-Rhône-Alpes,Rhône,Beaujeu,https://www.notaires.fr/fr/office/selarl-notaires-familles-et-patrimoines-0,notaires.fr,2026-06-19 13:28:47
Office notarial SELARL NOTAIRES LYON CONFLUENCE à LYON (69002) | 72 Cours Charlemagne,confluence@notaires.fr,confluence@notaires.fr,0428299179,0428299179,Bureau principal 72 Cours Charlemagne 69002 LYON France,Auvergne-Rhône-Alpes,Rhône,Lyon,https://www.notaires.fr/fr/office/selarl-notaires-lyon-confluence,notaires.fr,2026-06-19 13:28:48
Office notarial SELARL NOTAIRES LYON HOTEL-DIEU à LYON (69002) | 26 rue Bellecordière,blanche-marie.vincent@vincent-hotel-dieu.notaires.fr,blanche-marie.vincent@vincent-hotel-dieu.notaires.fr,0478058920,0478058920,Bureau principal 26 rue Bellecordière 69002 LYON France,Auvergne-Rhône-Alpes,Rhône,Lyon,https://www.notaires.fr/fr/office/selarl-notaires-lyon-hotel-dieu,notaires.fr,2026-06-19 13:28:50
Office notarial SELARL NOTASOL - NOTAIRES DU SUD OUEST LYONNAIS à BRIGNAIS (69530) | 2 A boulevard André Lassagne,notaires.brignais69055@notaires.fr,notaires.brignais69055@notaires.fr,0478051231,0478051231,Bureau principal 2 A boulevard André Lassagne 69530 BRIGNAIS France,Auvergne-Rhône-Alpes,Rhône,Brignais,https://www.notaires.fr/fr/office/selarl-notasol-notaires-du-sud-ouest-lyonnais,notaires.fr,2026-06-19 13:28:52
Office notarial SELARL OFFICE DE LA COLLINE à LYON (69004) | 57 rue Hénon,luc.bertholon@69132.notaires.fr,luc.bertholon@69132.notaires.fr,0478290380,0478290380,Bureau principal 57 rue Hénon 69004 LYON France,Auvergne-Rhône-Alpes,Rhône,Lyon,https://www.notaires.fr/fr/office/selarl-office-de-la-colline,notaires.fr,2026-06-19 13:28:53
"Office notarial SELARL OFFICE DES LUMIERES à LYON (69004) | 84, quai Joseph Gillet",contact@officedeslumieres.com,contact@officedeslumieres.com,0472411565,0472411565,"Bureau principal 84, quai Joseph Gillet 69004 LYON France",Auvergne-Rhône-Alpes,Rhône,Lyon,https://www.notaires.fr/fr/office/selarl-office-des-lumieres,notaires.fr,2026-06-19 13:28:55
Office notarial SELARL Office notarial de Chaponost à CHAPONOST (69630) | 3 rue des Viollières,etude@tacussel.notaires.fr,etude@tacussel.notaires.fr,0478446778,0478446778,Bureau principal 3 rue des Viollières 69630 CHAPONOST France,Auvergne-Rhône-Alpes,Rhône,Chaponost,https://www.notaires.fr/fr/office/selarl-office-notarial-de-chaponost,notaires.fr,2026-06-19 13:28:57
Office notarial SELARL OFFICE NOTARIAL DE L'EUROPE à LYON (69003) | 62 rue de Bonnel,officedeleurope@notaires.fr,officedeleurope@notaires.fr,0478958140,0478958140,Bureau principal 62 rue de Bonnel 69003 LYON France,Auvergne-Rhône-Alpes,Rhône,Lyon,https://www.notaires.fr/fr/office/selarl-office-notarial-de-leurope,notaires.fr,2026-06-19 13:28:59
Office notarial SELARL OFFICE NOTARIAL LA CALADE à VILLEFRANCHE-SUR-SAÔNE (69400) | 596 Boulevard Albert Camus,marion.pelletier@notaires.fr,marion.pelletier@notaires.fr,0474042183,0474042183,Bureau principal 596 Boulevard Albert Camus 69400 VILLEFRANCHE-SUR-SAÔNE France,Auvergne-Rhône-Alpes,Rhône,Villefranche-Sur-Saône,https://www.notaires.fr/fr/office/selarl-office-notarial-la-calade,notaires.fr,2026-06-19 13:29:01
Office notarial SELARL ONE NOTAIRES à ÉCULLY (69130) | 4 allée des Tullistes,notaires.ecully@notaires.fr,notaires.ecully@notaires.fr,0478339260,0478339260,Bureau principal 4 allée des Tullistes 69130 ÉCULLY France,Auvergne-Rhône-Alpes,Rhône,Ecully,https://www.notaires.fr/fr/office/selarl-one-notaires,notaires.fr,2026-06-19 13:29:03
"Office notarial SELARL Pascale BERTONI-OLMO, Jérôme GUILLARME, Gauthier DOLIGEZ à CHAZAY-D'AZERGUES (69380) | Allée Benoît Raclet",office69129.chazay@69129.notaires.fr,office69129.chazay@69129.notaires.fr,0478436166,0478436166,Bureau principal Allée Benoît Raclet 69380 CHAZAY-D'AZERGUES France,Auvergne-Rhône-Alpes,Rhône,Chazay-D'azergues,https://www.notaires.fr/fr/office/selarl-pascale-bertoni-olmo-jerome-guillarme-gauthier-doligez,notaires.fr,2026-06-19 13:29:04
Office notarial SELARL Rémy SAMSON - Philippe DAVID - Catherine GASIOT-DAVID - Paul LEUFFLEN - Office notarial de la Passerelle à LYON (69002) | 36 quai Saint Antoine,officenotarialdelapasserelle@notaires.fr,officenotarialdelapasserelle@notaires.fr,0478427830,0478427830,Bureau principal 36 quai Saint Antoine 69002 LYON France,Auvergne-Rhône-Alpes,Rhône,Lyon,https://www.notaires.fr/fr/office/selarl-remy-samson-philippe-david-catherine-gasiot-david-paul-leufflen-office-notarial-de-la-passerelle,notaires.fr,2026-06-19 13:29:06
Office notarial SELARL ROUSSEAU-BRETON NOTAIRE à LYON (69002) | 32 rue de la République,etude.69001@notaires.fr,etude.69001@notaires.fr,0478381949,0478381949,Bureau principal 32 rue de la République 69002 LYON France,Auvergne-Rhône-Alpes,Rhône,Lyon,https://www.notaires.fr/fr/office/selarl-rousseau-breton-notaire,notaires.fr,2026-06-19 13:29:08
"Office notarial SELARL YOHAN BURNICHON, NOTAIRE ET ASSOCIES à LYON (69001) | 9 rue Constantine",burnichon-dubois@notaires.fr,burnichon-dubois@notaires.fr,0478280657,0478280657,Bureau principal 9 rue Constantine 69001 LYON France,Auvergne-Rhône-Alpes,Rhône,Lyon,https://www.notaires.fr/fr/office/selarl-yohan-burnichon-notaire-et-associes,notaires.fr,2026-06-19 13:29:10
Office notarial SELAS ALCAIX à LYON (69006) | 91 Cours Lafayette,notaires@alcaix.notaires.fr,notaires@alcaix.notaires.fr,0472745340,0472745340,Bureau principal 91 Cours Lafayette 69006 LYON France,Auvergne-Rhône-Alpes,Rhône,Lyon,https://www.notaires.fr/fr/office/selas-alcaix,notaires.fr,2026-06-19 13:29:11
Office notarial SELAS Althémis Lyon - Rhône-Alpes à LYON (69002) | 105 rue du Président Edouard Herriot,althemis.lyon@althemis.notaires.fr,althemis.lyon@althemis.notaires.fr,0472760370,0472760370,Bureau principal 105 rue du Président Edouard Herriot 69002 LYON France,Auvergne-Rhône-Alpes,Rhône,Lyon,https://www.notaires.fr/fr/office/selas-althemis-lyon-rhone-alpes,notaires.fr,2026-06-19 13:29:12
Office notarial SELAS BONNIE AOUN NOTAIRE ASSOCIÉ à LYON (69001) | 21 rue d'Algérie,bonnie.aoun@69277.notaires.fr,bonnie.aoun@69277.notaires.fr,04 28 29 21 21,04 28 29 21 21,Bureau principal 21 rue d'Algérie 69001 LYON France,Auvergne-Rhône-Alpes,Rhône,Lyon,https://www.notaires.fr/fr/office/selas-bonnie-aoun-notaire-associe,notaires.fr,2026-06-19 13:29:14
Office notarial SELAS FIDAL NOTAIRES à LYON (69009) | 18 rue Félix Mangini,ophelie.fevre@fidal.notaires.fr,ophelie.fevre@fidal.notaires.fr,0487915500,0487915500,Bureau principal 18 rue Félix Mangini 69009 LYON France,Auvergne-Rhône-Alpes,Rhône,Lyon,https://www.notaires.fr/fr/office/selas-fidal-notaires-2,notaires.fr,2026-06-19 13:29:16
Office notarial SELAS GAGNAIRE ASSOCIES NOTAIRES à MEYZIEU (69330) | 7 C rue de la République,gagnaire-associes@gagnaire.notaires.fr,gagnaire-associes@gagnaire.notaires.fr,0478314009,0478314009,Bureau principal 7 C rue de la République 69330 MEYZIEU France,Auvergne-Rhône-Alpes,Rhône,Meyzieu,https://www.notaires.fr/fr/office/selas-gagnaire-associes-notaires,notaires.fr,2026-06-19 13:29:18
Office notarial SELAS GAGNAIRE ASSOCIES NOTAIRES à SAINT-PRIEST (69800) | 8 rue Aristide Briand,gagnairesaintpriest@gagnaire.notaires.fr,gagnairesaintpriest@gagnaire.notaires.fr,0472592814,0472592814,Bureau principal 8 rue Aristide Briand 69800 SAINT-PRIEST France,Auvergne-Rhône-Alpes,Rhône,Saint-Priest,https://www.notaires.fr/fr/office/selas-gagnaire-associes-notaires-0,notaires.fr,2026-06-19 13:29:20
Office notarial SELAS Implid Notaires à LYON (69006) | 79 Cours Vitton,arthur.sch@notaires.fr,arthur.sch@notaires.fr,0428298198,0428298198,Bureau principal 79 Cours Vitton 69006 LYON France,Auvergne-Rhône-Alpes,Rhône,Lyon,https://www.notaires.fr/fr/office/selas-implid-notaires,notaires.fr,2026-06-19 13:29:22
Office notarial SELAS UP NOTAIRES à DÉCINES-CHARPIEU (69150) | 2 avenue Silvin,upnotaires@notaires.fr,upnotaires@notaires.fr,0472056280,0472056280,Bureau principal 2 avenue Silvin 69150 DÉCINES-CHARPIEU France,Auvergne-Rhône-Alpes,Rhône,Décines-Charpieu,https://www.notaires.fr/fr/office/selas-notaires,notaires.fr,2026-06-19 13:29:24
Office notarial SELAS NOTAIRES DU VAL D'OUEST à VAUGNERAY (69670) | 2 Chemin des Vignes,etude69065.vaugneray@notaires.fr,etude69065.vaugneray@notaires.fr,0478458484,0478458484,Bureau principal 2 Chemin des Vignes 69670 VAUGNERAY France,Auvergne-Rhône-Alpes,Rhône,Vaugneray,https://www.notaires.fr/fr/office/selas-notaires-du-val-douest,notaires.fr,2026-06-19 13:29:26
Office notarial SELAS NOTAIRES DU VAL D'OUEST à BRINDAS (69126) | 20 Chemin des Sauzes,martin.hacquard@notaires.fr,martin.hacquard@notaires.fr,0487950105,0487950105,Bureau principal 20 Chemin des Sauzes 69126 BRINDAS France,Auvergne-Rhône-Alpes,Rhône,Brindas,https://www.notaires.fr/fr/office/selas-notaires-du-val-douest-0,notaires.fr,2026-06-19 13:29:28
Office notarial SELAS NOTALMA à LYON (69002) | 6 place Carnot,godefroy.richard@notaires.fr,godefroy.richard@notaires.fr,0481091118,0481091118,Bureau principal 6 place Carnot 69002 LYON France,Auvergne-Rhône-Alpes,Rhône,Lyon,https://www.notaires.fr/fr/office/selas-notalma,notaires.fr,2026-06-19 13:29:29
Office notarial SIDI-BOULENOUAR Dounia à LYON (69007) | 17 rue Crépet,dounia.sidi@notaires.fr,dounia.sidi@notaires.fr,0000000000,0000000000,Bureau principal 17 rue Crépet 69007 LYON France,Auvergne-Rhône-Alpes,Rhône,Lyon,https://www.notaires.fr/fr/office/sidi-boulenouar-dounia,notaires.fr,2026-06-19 13:29:31
"Office notarial SIMON et associés, SELARL à LYON (69005) | 49 avenue du Point du Jour",etude@sdm.notaires.fr,etude@sdm.notaires.fr,0478252638,0478252638,Bureau principal 49 avenue du Point du Jour 69005 LYON France,Auvergne-Rhône-Alpes,Rhône,Lyon,https://www.notaires.fr/fr/office/simon-et-associes-selarl,notaires.fr,2026-06-19 13:29:32
"Office notarial SOCIETE BNO, SELARL à ÉCULLY (69130) | 1 Chemin Jean-Marie Vianney",beatrice.novel@notaires.fr,beatrice.novel@notaires.fr,0487254848,0487254848,Bureau principal 1 Chemin Jean-Marie Vianney 69130 ÉCULLY France,Auvergne-Rhône-Alpes,Rhône,Ecully,https://www.notaires.fr/fr/office/societe-bno-selarl,notaires.fr,2026-06-19 13:29:34
"Office notarial SOUBEYRAN et associés, SELARL à LYON (69008) | 33 RUE DES TUILIERS",etude.soubeyran@notaires.fr,etude.soubeyran@notaires.fr,0481682010,0481682010,Bureau principal 33 RUE DES TUILIERS 69008 LYON France,Auvergne-Rhône-Alpes,Rhône,Lyon,https://www.notaires.fr/fr/office/soubeyran-et-associes-selarl,notaires.fr,2026-06-19 13:29:35
Office notarial SPE SAS Quante à LYON (69001) | 21 rue d'Algérie,claire.pellegrin@notaires.fr,claire.pellegrin@notaires.fr,0428292121,0428292121,Bureau principal 21 rue d'Algérie 69001 LYON France,Auvergne-Rhône-Alpes,Rhône,Lyon,https://www.notaires.fr/fr/office/spe-sas-quante,notaires.fr,2026-06-19 13:29:37
Office notarial THEVENON Eric à LYON (69004) | 17 Place Tabareau,eric.thevenon@notaires.fr,eric.thevenon@notaires.fr,0478588060,0478588060,Bureau principal 17 Place Tabareau 69004 LYON France,Auvergne-Rhône-Alpes,Rhône,Lyon,https://www.notaires.fr/fr/office/thevenon-eric,notaires.fr,2026-06-19 13:29:38
"Office notarial THIOLLIER Associés, SARL à SAINT-SYMPHORIEN-SUR-COISE (69590) | 16 PLACE DE LA REPUBLIQUE",,,0478484039,0478484039,Bureau principal 16 PLACE DE LA REPUBLIQUE 69590 SAINT-SYMPHORIEN-SUR-COISE France,Auvergne-Rhône-Alpes,Rhône,Saint-Symphorien-Sur-Coise,https://www.notaires.fr/fr/office/thiollier-associes-sarl,notaires.fr,2026-06-19 13:29:40
Office notarial TOLLET & VIENNET NOTAIRES à IRIGNY (69540) | 10 Bis Rue Baudrand,accueil@oni.notaires.fr,accueil@oni.notaires.fr,0478462105,0478462105,Bureau principal 10 Bis Rue Baudrand 69540 IRIGNY France,Auvergne-Rhône-Alpes,Rhône,Irigny,https://www.notaires.fr/fr/office/tollet-viennet-notaires,notaires.fr,2026-06-19 13:29:41
Office notarial TRICHET Sarah à LYON (69009) | 20 rue Louis Loucheur,sarah.trichet@notaires.fr,sarah.trichet@notaires.fr,0478472701,0478472701,Bureau principal 20 rue Louis Loucheur 69009 LYON France,Auvergne-Rhône-Alpes,Rhône,Lyon,https://www.notaires.fr/fr/office/trichet-sarah,notaires.fr,2026-06-19 13:29:43
Office notarial VAUDO Johan à DÉCINES-CHARPIEU (69150) | 32 rue de la République,johan.vaudo@noctua.notaires.fr,johan.vaudo@noctua.notaires.fr,0422580175,0422580175,Bureau principal 32 rue de la République 69150 DÉCINES-CHARPIEU France,Auvergne-Rhône-Alpes,Rhône,Décines-Charpieu,https://www.notaires.fr/fr/office/vaudo-johan,notaires.fr,2026-06-19 13:29:44
"Office notarial VICARI, SARL à associé unique à SAINT GERMAIN AU MONT D'OR (69650) | 9 rue de la Combe",accueilvicarinotaires@69053.notaires.fr,accueilvicarinotaires@69053.notaires.fr,0478912502,0478912502,Bureau principal 9 rue de la Combe 69650 SAINT GERMAIN AU MONT D'OR France,Auvergne-Rhône-Alpes,Rhône,Saint Germain Au Mont D'or,https://www.notaires.fr/fr/office/vicari-sarl-associe-unique,notaires.fr,2026-06-19 13:29:46
Office notarial VRIGNAUD Antoine à CHAMPAGNE-AU-MONT-D'OR (69410) | 18 rue Dominique Vincent,vrignaud.antoine@notaires.fr,vrignaud.antoine@notaires.fr,0477574535,0477574535,Bureau principal 18 rue Dominique Vincent 69410 CHAMPAGNE-AU-MONT-D'OR France,Auvergne-Rhône-Alpes,Rhône,Champagne-Au-Mont-D'or,https://www.notaires.fr/fr/office/vrignaud-antoine,notaires.fr,2026-06-19 13:29:47
Office notarial VULPAT Catherine à LYON (69003) | 53 Cours Richard Vitton,etude.vulpat@notaires.fr,etude.vulpat@notaires.fr,0474705821,0474705821,Bureau principal 53 Cours Richard Vitton 69003 LYON France,Auvergne-Rhône-Alpes,Rhône,Lyon,https://www.notaires.fr/fr/office/vulpat-catherine,notaires.fr,2026-06-19 13:29:48
Office notarial WAGENHEIM Adeline à LYON (69001) | 14 rue de l'Arbre Sec,adeline.wagenheim@gmail.com,adeline.wagenheim@gmail.com,0618608767,0618608767,Bureau principal 14 rue de l'Arbre Sec 69001 LYON France,Auvergne-Rhône-Alpes,Rhône,Lyon,https://www.notaires.fr/fr/office/wagenheim-adeline,notaires.fr,2026-06-19 13:29:50
"Office notarial SALICHON & ASSOCIES, SARL à LYON (69006) | 3 Cours Franklin Roosevelt",salichonetassocies@notaires.fr,salichonetassocies@notaires.fr,0478931098,0478931098,Bureau principal 3 Cours Franklin Roosevelt 69006 LYON France,Auvergne-Rhône-Alpes,Rhône,Lyon,https://www.notaires.fr/fr/office/salichon-associes-sarl,notaires.fr,2026-06-19 13:27:14
"Office notarial SARL à associé unique GONDRAN, notaire associée à BELLEVILLE (69220) | 19 rue des Remparts",anne.gondran@69248.notaires.fr,anne.gondran@69248.notaires.fr,04 87 01 02 10,04 87 01 02 10,Bureau principal 19 rue des Remparts 69220 BELLEVILLE France,Auvergne-Rhône-Alpes,Rhône,Belleville,https://www.notaires.fr/fr/office/sarl-associe-unique-gondran-notaire-associee,notaires.fr,2026-06-19 13:27:15
Office notarial SARL à associé unique Notaires du Promenoir à VILLEFRANCHE-SUR-SAÔNE (69400) | 61 rue d'Anse,etude@promenoir.notaires.fr,etude@promenoir.notaires.fr,0474654500,0474654500,Bureau principal 61 rue d'Anse 69400 VILLEFRANCHE-SUR-SAÔNE France,Auvergne-Rhône-Alpes,Rhône,Villefranche-Sur-Saône,https://www.notaires.fr/fr/office/sarl-associe-unique-notaires-du-promenoir,notaires.fr,2026-06-19 13:27:16
Office notarial SARL à associé unique OFFICE NOTARIAL DE LA TABLE DE PIERRE à FRANCHEVILLE (69340) | 26 Avenue de la Table de Pierre,christelle.farce@69220.notaires.fr,christelle.farce@69220.notaires.fr,0437202524,0437202524,Bureau principal 26 Avenue de la Table de Pierre 69340 FRANCHEVILLE France,Auvergne-Rhône-Alpes,Rhône,Francheville,https://www.notaires.fr/fr/office/sarl-associe-unique-office-notarial-de-la-table-de-pierre,notaires.fr,2026-06-19 13:27:18
Office notarial SARL à associée unique NOTAIRE VALLE D'AZERGUES à LAMURE-SUR-AZERGUES (69870) | 10 impasse Chavanet,office@69095.notaires.fr,office@69095.notaires.fr,0474030522,0474030522,Bureau principal 10 impasse Chavanet 69870 LAMURE-SUR-AZERGUES France,Auvergne-Rhône-Alpes,Rhône,Lamure-Sur-Azergues,https://www.notaires.fr/fr/office/sarl-associee-unique-notaire-valle-dazergues,notaires.fr,2026-06-19 13:27:20
Office notarial SARL CADRAN Notaires Conseils à LYON (69007) | 75 rue Chevreul,accueil@cadran.notaires.fr,accueil@cadran.notaires.fr,0437261144,0437261144,Bureau principal 75 rue Chevreul 69007 LYON France,Auvergne-Rhône-Alpes,Rhône,Lyon,https://www.notaires.fr/fr/office/sarl-cadran-notaires-conseils,notaires.fr,2026-06-19 13:27:22
Office notarial SARL CADRAN Notaires Conseils à TASSIN-LA-DEMI-LUNE (69160) | 3 avenue de Lauterbourg,accueil@cadran.notaires.fr,accueil@cadran.notaires.fr,0478343602,0478343602,Bureau principal 3 avenue de Lauterbourg 69160 TASSIN-LA-DEMI-LUNE France,Auvergne-Rhône-Alpes,Rhône,Tassin-La-Demi-Lune,https://www.notaires.fr/fr/office/sarl-cadran-notaires-conseils-0,notaires.fr,2026-06-19 13:27:23
Office notarial SARL CHAINE ET ASSOCIES NOTAIRES à LYON (69006) | 139 rue Vendôme,etude.chaine@notaires.fr,etude.chaine@notaires.fr,0472757600,0472757600,Bureau principal 139 rue Vendôme 69006 LYON France,Auvergne-Rhône-Alpes,Rhône,Lyon,https://www.notaires.fr/fr/office/sarl-chaine-et-associes-notaires,notaires.fr,2026-06-19 13:27:25
Office notarial SARL GAMBIEZ - COTTE - Notaires Champagne au Mont d’Or à CHAMPAGNE-AU-MONT-D'OR (69410) | 33 avenue de Lanessan,gambiez.cotte@notaires.fr,gambiez.cotte@notaires.fr,0472521717,0472521717,Bureau principal 33 avenue de Lanessan 69410 CHAMPAGNE-AU-MONT-D'OR France,Auvergne-Rhône-Alpes,Rhône,Champagne-Au-Mont-D'or,https://www.notaires.fr/fr/office/sarl-gambiez-cotte-notaires-champagne-au-mont-dor,notaires.fr,2026-06-19 13:27:27
Office notarial SARL HYVERNAT - CARNIEL - TAITHE - GAILLARD-DEBIESSE – NOTAIRES à VILLEFRANCHE-SUR-SAÔNE (69400) | 14 PLACE HUMBERT III,accueil.villefranche@enoas.notaires.fr,accueil.villefranche@enoas.notaires.fr,0474653236,0474653236,Bureau principal 14 PLACE HUMBERT III 69400 VILLEFRANCHE-SUR-SAÔNE France,Auvergne-Rhône-Alpes,Rhône,Villefranche-Sur-Saône,https://www.notaires.fr/fr/office/sarl-hyvernat-carniel-taithe-gaillard-debiesse-notaires,notaires.fr,2026-06-19 13:27:29
Office notarial SARL HYVERNAT - CARNIEL - TAITHE - GAILLARD-DEBIESSE – NOTAIRES à ANSE (69480) | RUE DE VERDUN,accueil.anse@enoas.notaires.fr,accueil.anse@enoas.notaires.fr,0474672848,0474672848,Bureau principal RUE DE VERDUN 69480 ANSE France,Auvergne-Rhône-Alpes,Rhône,Anse,https://www.notaires.fr/fr/office/sarl-hyvernat-carniel-taithe-gaillard-debiesse-notaires-0,notaires.fr,2026-06-19 13:27:31
Office notarial SARL LES AUTHENTIQUES et associés à CAILLOUX-SUR-FONTAINES (69270) | 350 route du Tilleul,laure.todeschini@notaires.fr,laure.todeschini@notaires.fr,0487870535,0487870535,Bureau principal 350 route du Tilleul 69270 CAILLOUX-SUR-FONTAINES France,Auvergne-Rhône-Alpes,Rhône,Cailloux-Sur-Fontaines,https://www.notaires.fr/fr/office/sarl-les-authentiques-et-associes,notaires.fr,2026-06-19 13:27:33
Office notarial SARL LOVY et associés à FONTAINES-SUR-SAÔNE (69270) | 37 B RUE PIERRE BOUVIER,agoract@notaires.fr,agoract@notaires.fr,0478223425,0478223425,Bureau principal 37 B RUE PIERRE BOUVIER 69270 FONTAINES-SUR-SAÔNE France,Auvergne-Rhône-Alpes,Rhône,Fontaines-Sur-Saône,https://www.notaires.fr/fr/office/sarl-lovy-et-associes,notaires.fr,2026-06-19 13:27:35
Office notarial SARL NOTAIRE LYON BUGEAUD à LYON (69006) | 51 rue Bugeaud,accueil@nlb.notaires.fr,accueil@nlb.notaires.fr,0426682000,0426682000,Bureau principal 51 rue Bugeaud 69006 LYON France,Auvergne-Rhône-Alpes,Rhône,Lyon,https://www.notaires.fr/fr/office/sarl-notaire-lyon-bugeaud,notaires.fr,2026-06-19 13:27:36
Office notarial SARL NOTAIRES FOCH à LYON (69006) | 5 cours Franklin Roosevelt,accueil@69010.notaires.fr,accueil@69010.notaires.fr,0472699292,0472699292,Bureau principal 5 cours Franklin Roosevelt 69006 LYON France,Auvergne-Rhône-Alpes,Rhône,Lyon,https://www.notaires.fr/fr/office/sarl-notaires-foch,notaires.fr,2026-06-19 13:27:38
Office notarial SARL NOTAMIONS Valérie JACQUE et Associés à MIONS (69780) | 19 Rue du 8 Mai 1945,accueil@notamions.notaires.fr,accueil@notamions.notaires.fr,0428290050,0428290050,Bureau principal 19 Rue du 8 Mai 1945 69780 MIONS France,Auvergne-Rhône-Alpes,Rhône,Mions,https://www.notaires.fr/fr/office/sarl-notamions-valerie-jacque-et-associes,notaires.fr,2026-06-19 13:27:39
Office notarial SARL O.M.L. - NOTAIRES à SAINT-MARTIN-EN-HAUT (69850) | 11 route de Lyon,accueil@69064.notaires.fr,accueil@69064.notaires.fr,0478486043,0478486043,Bureau principal 11 route de Lyon 69850 SAINT-MARTIN-EN-HAUT France,Auvergne-Rhône-Alpes,Rhône,Saint-Martin-En-Haut,https://www.notaires.fr/fr/office/sarl-oml-notaires,notaires.fr,2026-06-19 13:27:41
Office notarial SARL PERROT & associé à LYON (69002) | 1 rue Tupin,scpdoucetbonperrot@notaires.fr,scpdoucetbonperrot@notaires.fr,0478421700,0478421700,Bureau principal 1 rue Tupin 69002 LYON France,Auvergne-Rhône-Alpes,Rhône,Lyon,https://www.notaires.fr/fr/office/sarl-perrot-associe,notaires.fr,2026-06-19 13:27:43
Office notarial SARL THIVEL NOTAIRES à LYON (69002) | 27 rue Ferrandière,thivel@notaires.fr,thivel@notaires.fr,0478280700,0478280700,Bureau principal 27 rue Ferrandière 69002 LYON France,Auvergne-Rhône-Alpes,Rhône,Lyon,https://www.notaires.fr/fr/office/sarl-thivel-notaires,notaires.fr,2026-06-19 13:27:45
Office notarial SARL THIVEL NOTAIRES à TARARE (69170) | 2 boulevard du Commandant Thivel,thivel@notaires.fr,thivel@notaires.fr,0474053190,0474053190,Bureau principal 2 boulevard du Commandant Thivel 69170 TARARE France,Auvergne-Rhône-Alpes,Rhône,Tarare,https://www.notaires.fr/fr/office/sarl-thivel-notaires-0,notaires.fr,2026-06-19 13:27:46
Office notarial SAS ADEVODENCE à FRANCHEVILLE (69340) | 8 route du Bruissin,contact@adevodence.fr,contact@adevodence.fr,0437238191,0437238191,Bureau principal 8 route du Bruissin 69340 FRANCHEVILLE France,Auvergne-Rhône-Alpes,Rhône,Francheville,https://www.notaires.fr/fr/office/sas-adevodence,notaires.fr,2026-06-19 13:27:48
Office notarial SAS BREMENS NOTAIRES à LYON (69006) | 45 quai Charles de Gaulle,accueil@groupebremens.notaires.fr,accueil@groupebremens.notaires.fr,0472406900,0472406900,Bureau principal 45 quai Charles de Gaulle 69006 LYON France,Auvergne-Rhône-Alpes,Rhône,Lyon,https://www.notaires.fr/fr/office/sas-bremens-notaires-0,notaires.fr,2026-06-19 13:27:50
Office notarial SAS a contrario à LYON (69002) | 21 rue Ferrandière,lmancion@acontrario.notaires.fr,lmancion@acontrario.notaires.fr,0478626501,0478626501,Bureau principal 21 rue Ferrandière 69002 LYON France,Auvergne-Rhône-Alpes,Rhône,Lyon,https://www.notaires.fr/fr/office/sas-contrario-0,notaires.fr,2026-06-19 13:27:51
Office notarial SAS des CEDRES à TASSIN-LA-DEMI-LUNE (69160) | 93 avenue du 11 Novembre 1918,etude.69182@notaires.fr,etude.69182@notaires.fr,0437584277,0437584277,Bureau principal 93 avenue du 11 Novembre 1918 69160 TASSIN-LA-DEMI-LUNE France,Auvergne-Rhône-Alpes,Rhône,Tassin-La-Demi-Lune,https://www.notaires.fr/fr/office/sas-des-cedres,notaires.fr,2026-06-19 13:27:53
Office notarial SAS EFFICIENCE LYON à LYON (69002) | 50 rue de la République,jerome.roche@efficience.notaires.fr,jerome.roche@efficience.notaires.fr,0457584348,0457584348,Bureau principal 50 rue de la République 69002 LYON France,Auvergne-Rhône-Alpes,Rhône,Lyon,https://www.notaires.fr/fr/office/sas-efficience-lyon,notaires.fr,2026-06-19 13:27:54
Office notarial SAS MOREL-VULLIEZ et associées à LYON (69006) | 13 bis place Jules Ferry,,,0481132999,0481132999,Bureau principal 13 bis place Jules Ferry 69006 LYON France,Auvergne-Rhône-Alpes,Rhône,Lyon,https://www.notaires.fr/fr/office/sas-morel-vulliez-et-associees,notaires.fr,2026-06-19 13:27:56
Office notarial SAS NOTAIRES DU VAL DU RHONE à VERNAISON (69390) | 1 SQUARE CARDINAL,office69041.vernaison@notaires.fr,office69041.vernaison@notaires.fr,0478461033,0478461033,Bureau principal 1 SQUARE CARDINAL 69390 VERNAISON France,Auvergne-Rhône-Alpes,Rhône,Vernaison,https://www.notaires.fr/fr/office/sas-notaires-du-val-du-rhone,notaires.fr,2026-06-19 13:27:58
Office notarial SAS NOTLEX à LYON (69003) | 41 rue de Bonnel,hugo.rassion@notlex.notaires.fr,hugo.rassion@notlex.notaires.fr,0481132385,0481132385,Bureau principal 41 rue de Bonnel 69003 LYON France,Auvergne-Rhône-Alpes,Rhône,Lyon,https://www.notaires.fr/fr/office/sas-notlex-1,notaires.fr,2026-06-19 13:27:59
Office notarial SCHIBLER-JACQUET et associée à SAINT-PIERRE-DE-CHANDIEU (69780) | 23 place Charles de Gaulle,etude.69112@notaires.fr,etude.69112@notaires.fr,0478403333,0478403333,Bureau principal 23 place Charles de Gaulle 69780 SAINT-PIERRE-DE-CHANDIEU France,Auvergne-Rhône-Alpes,Rhône,Saint-Pierre-De-Chandieu,https://www.notaires.fr/fr/office/schibler-jacquet-et-associee,notaires.fr,2026-06-19 13:28:01
"Office notarial SCP Carole POULAIN-CHARPENTIER, Guillaume BONFILS, Romain THOLON et Caroline SALANSON-BOTTAZZI, notaires associés à LYON (69003) | 144 Avenue Maréchal de Saxe",scp.leufflendelorme.69017@notaires.fr,scp.leufflendelorme.69017@notaires.fr,0472847200,0472847200,Bureau principal 144 Avenue Maréchal de Saxe 69003 LYON France,Auvergne-Rhône-Alpes,Rhône,Lyon,https://www.notaires.fr/fr/office/scp-carole-poulain-charpentier-guillaume-bonfils-romain-tholon-et-caroline-salanson-bottazzi-notaires-associes,notaires.fr,2026-06-19 13:28:02
"Office notarial SCP Emmanuel de BAILLIENCOURT, Christophe RICHARD, Dimitri JANIN et Baptiste FRANCOIS Notaires, associés à LYON (69006) | 10 rue Boileau",notaires9republique@notaires.fr,notaires9republique@notaires.fr,0478281577,0478281577,Bureau principal 10 rue Boileau 69006 LYON France,Auvergne-Rhône-Alpes,Rhône,Lyon,https://www.notaires.fr/fr/office/scp-emmanuel-de-bailliencourt-christophe-richard-dimitri-janin-et-baptiste-francois-notaires-associes,notaires.fr,2026-06-19 13:28:04
"Office notarial SCP Lionel ROBIN et Florence BOACHON, Notaires associés à CALUIRE-ET-CUIRE (69300) | 2 RUE DE MARGNOLLES",etude.robinetassocies@notaires.fr,etude.robinetassocies@notaires.fr,0478294310,0478294310,Bureau principal 2 RUE DE MARGNOLLES 69300 CALUIRE-ET-CUIRE France,Auvergne-Rhône-Alpes,Rhône,Caluire-Et-Cuire,https://www.notaires.fr/fr/office/scp-lionel-robin-et-florence-boachon-notaires-associes,notaires.fr,2026-06-19 13:28:06
"Office notarial SDV NOTAIRES, SELAS à LYON (69003) | 54 cours Lafayette",s.selman@sdv.notaires.fr,s.selman@sdv.notaires.fr,0478793309,0478793309,Bureau principal 54 cours Lafayette 69003 LYON France,Auvergne-Rhône-Alpes,Rhône,Lyon,https://www.notaires.fr/fr/office/sdv-notaires-selas,notaires.fr,2026-06-19 13:28:08
"Office notarial SEL, NOTAIRES DE CHAPONNAY, SARL à CHAPONNAY (69970) | 22 rue de la Poste",notairesdechaponnay@notaires.fr,notairesdechaponnay@notaires.fr,0478960403,0478960403,Bureau principal 22 rue de la Poste 69970 CHAPONNAY France,Auvergne-Rhône-Alpes,Rhône,Chaponnay,https://www.notaires.fr/fr/office/sel-notaires-de-chaponnay-sarl,notaires.fr,2026-06-19 13:28:10
Office notarial SELARL 1629 NOTAIRES à LYON (69001) | 9 rue du Bât d'Argent,accueil@1629.notaires.fr,accueil@1629.notaires.fr,0478270290,0478270290,Bureau principal 9 rue du Bât d'Argent 69001 LYON France,Auvergne-Rhône-Alpes,Rhône,Lyon,https://www.notaires.fr/fr/office/selarl-1629-notaires,notaires.fr,2026-06-19 13:28:12
"Office notarial SELARL 1979 NOT’ACTES, Notaires à LA MULATIERE à LA MULATIÈRE (69350) | 2A CHEMIN DE LA BASTERO",etude69125.lamulatiere@notaires.fr,etude69125.lamulatiere@notaires.fr,0478500794,0478500794,Bureau principal 2A CHEMIN DE LA BASTERO 69350 LA MULATIÈRE France,Auvergne-Rhône-Alpes,Rhône,La Mulatière,https://www.notaires.fr/fr/office/selarl-1979-notactes-notaires-la-mulatiere,notaires.fr,2026-06-19 13:28:14
Office notarial SELARL ACTALION Notaires à LYON (69003) | 1 rue Montébello,actalion@notaires.fr,actalion@notaires.fr,0478606034,0478606034,Bureau principal 1 rue Montébello 69003 LYON France,Auvergne-Rhône-Alpes,Rhône,Lyon,https://www.notaires.fr/fr/office/selarl-actalion-notaires-1,notaires.fr,2026-06-19 13:28:15
Office notarial SELARL AJC NOTAIRES à CALUIRE-ET-CUIRE (69300) | 13 rue Jean Moulin,alexia.juan@notaires.fr,alexia.juan@notaires.fr,0478088741,0478088741,Bureau principal 13 rue Jean Moulin 69300 CALUIRE-ET-CUIRE France,Auvergne-Rhône-Alpes,Rhône,Caluire-Et-Cuire,https://www.notaires.fr/fr/office/selarl-ajc-notaires,notaires.fr,2026-06-19 13:28:16
Office notarial SELARL ALEXANDRE BRUYERE ET THOMAS BOURLIERE à LYON (69007) | 287 rue de Créqui,accueil.69006@notaires.fr,accueil.69006@notaires.fr,0478422186,0478422186,Bureau principal 287 rue de Créqui 69007 LYON France,Auvergne-Rhône-Alpes,Rhône,Lyon,https://www.notaires.fr/fr/office/selarl-alexandre-bruyere-et-thomas-bourliere,notaires.fr,2026-06-19 13:28:18
Office notarial SELARL BCA NOTAIRES à LYON (69002) | 5 place Bellecour,contact.69205@bca.notaires.fr,contact.69205@bca.notaires.fr,0428382030,0428382030,Bureau principal 5 place Bellecour 69002 LYON France,Auvergne-Rhône-Alpes,Rhône,Lyon,https://www.notaires.fr/fr/office/selarl-bca-notaires,notaires.fr,2026-06-19 13:28:19
Office notarial SELARL CARBONNEL & FREMONT - Notaires à SAINTE-FOY-LÈS-LYON (69110) | 32 avenue Maréchal Foch,mathias.carbonnel@carbonnel-fremont.notaires.fr,mathias.carbonnel@carbonnel-fremont.notaires.fr,0472413598,0472413598,Bureau principal 32 avenue Maréchal Foch 69110 SAINTE-FOY-LÈS-LYON France,Auvergne-Rhône-Alpes,Rhône,Sainte-Foy-Lès-Lyon,https://www.notaires.fr/fr/office/selarl-carbonnel-fremont-notaires,notaires.fr,2026-06-19 13:28:21
Office notarial SELARL Caroline MARCHAIS-EPARVIER et Sylvain EPARVIER à TASSIN-LA-DEMI-LUNE (69160) | 169 Avenue Charles de Gaulle,caroline.marchais-eparvier@notaires.fr,caroline.marchais-eparvier@notaires.fr,0437465199,0437465199,Bureau principal 169 Avenue Charles de Gaulle 69160 TASSIN-LA-DEMI-LUNE France,Auvergne-Rhône-Alpes,Rhône,Tassin-La-Demi-Lune,https://www.notaires.fr/fr/office/selarl-caroline-marchais-eparvier-et-sylvain-eparvier,notaires.fr,2026-06-19 13:28:22
Office notarial SELARL Des Paroles & Des Actes à LYON (69006) | 111 rue Bugeaud,clement.janey@rhonactes.notaires.fr,clement.janey@rhonactes.notaires.fr,0474531148,0474531148,Bureau principal 111 rue Bugeaud 69006 LYON France,Auvergne-Rhône-Alpes,Rhône,Lyon,https://www.notaires.fr/fr/office/selarl-des-paroles-des-actes,notaires.fr,2026-06-19 13:28:24
Office notarial SELARL Des Paroles & Des Actes à SAINTE-COLOMBE (69560) | 49 rue Paul Doumer,eric.janey@rhonactes.notaires.fr,eric.janey@rhonactes.notaires.fr,0474531148,0474531148,Bureau principal 49 rue Paul Doumer 69560 SAINTE-COLOMBE France,Auvergne-Rhône-Alpes,Rhône,Sainte-Colombe,https://www.notaires.fr/fr/office/selarl-des-paroles-des-actes-0,notaires.fr,2026-06-19 13:28:26
Office notarial SELARL ENTANDEM NOTAIRES à SAINT-GERMAIN-AU-MONT-D'OR (69650) | 1 A Place de l'Esplanade,s.vacher@entandem.notaires.fr,s.vacher@entandem.notaires.fr,0428380640,0428380640,Bureau principal 1 A Place de l'Esplanade 69650 SAINT-GERMAIN-AU-MONT-D'OR France,Auvergne-Rhône-Alpes,Rhône,Saint-Germain-Au-Mont-D'or,https://www.notaires.fr/fr/office/selarl-entandem-notaires,notaires.fr,2026-06-19 13:28:28
Office notarial SELARL ENTANDEM NOTAIRES à LYON (69006) | 50 cours Franklin Roosevelt,office@entandem.notaires.fr,office@entandem.notaires.fr,0428382230,0428382230,Bureau principal 50 cours Franklin Roosevelt 69006 LYON France,Auvergne-Rhône-Alpes,Rhône,Lyon,https://www.notaires.fr/fr/office/selarl-entandem-notaires-0,notaires.fr,2026-06-19 13:28:29
Office notarial SELARL ETUDE BLANC à OULLINS-PIERRE-BÉNITE - OULLINS (69600) | 1 boulevard Emile Zola,etude.blanc@notaires.fr,etude.blanc@notaires.fr,0478513155,0478513155,Bureau principal 1 boulevard Emile Zola 69600 OULLINS-PIERRE-BÉNITE - OULLINS France,Auvergne-Rhône-Alpes,Rhône,Oullins-Pierre-Bénite - Oullins,https://www.notaires.fr/fr/office/selarl-etude-blanc,notaires.fr,2026-06-19 13:28:32
Office notarial SELARL Fideis Notaires à SAINTE-FOY-LÈS-LYON (69110) | 18 Place Xavier Ricard,contact@fideis.notaires.fr,contact@fideis.notaires.fr,0472329065,0472329065,Bureau principal 18 Place Xavier Ricard 69110 SAINTE-FOY-LÈS-LYON France,Auvergne-Rhône-Alpes,Rhône,Sainte-Foy-Lès-Lyon,https://www.notaires.fr/fr/office/selarl-fideis-notaires,notaires.fr,2026-06-19 13:28:34
Office notarial SELARL GAUMIER NOTAIRES à LYON (69009) | 18 quai Jaÿr,matthieu.gaumier@notaires.fr,matthieu.gaumier@notaires.fr,0472197508,0472197508,Bureau principal 18 quai Jaÿr 69009 LYON France,Auvergne-Rhône-Alpes,Rhône,Lyon,https://www.notaires.fr/fr/office/selarl-gaumier-notaires,notaires.fr,2026-06-19 13:28:36
"Office notarial SELARL Jean-Christophe HOCHE, Maxime CASTELLI et Denis MESTRALLET, Notaires des crus à VILLEFRANCHE-SUR-SAÔNE (69400) | 248 rue de la Paix",notairesdescrus@ndc.notaires.fr,notairesdescrus@ndc.notaires.fr,0474042486,0474042486,Bureau principal 248 rue de la Paix 69400 VILLEFRANCHE-SUR-SAÔNE France,Auvergne-Rhône-Alpes,Rhône,Villefranche-Sur-Saône,https://www.notaires.fr/fr/office/selarl-jean-christophe-hoche-maxime-castelli-et-denis-mestrallet-notaires-des-crus,notaires.fr,2026-06-19 13:28:38
Office notarial LAVOREL Amaury à LYON (69005) | 13 place Benoit Crépu,amaury.lavorel@69060.notaires.fr,amaury.lavorel@69060.notaires.fr,0478620672,0478620672,Bureau principal 13 place Benoit Crépu 69005 LYON France,Auvergne-Rhône-Alpes,Rhône,Lyon,https://www.notaires.fr/fr/office/lavorel-amaury,notaires.fr,2026-06-19 13:25:44
"Office notarial LES NOUVEAUX NOTAIRES, SELAS à LYON (69006) | 10 rue Malesherbes",pierre.benayoun@notaires.fr,pierre.benayoun@notaires.fr,0478898865,0478898865,Bureau principal 10 rue Malesherbes 69006 LYON France,Auvergne-Rhône-Alpes,Rhône,Lyon,https://www.notaires.fr/fr/office/les-nouveaux-notaires-selas,notaires.fr,2026-06-19 13:25:46
"Office notarial LINK NOTAIRES, SARL à CALUIRE-ET-CUIRE (69300) | 71 Rue François Peissel",aymeric.depont@notaires.fr,aymeric.depont@notaires.fr,0428298050,0428298050,Bureau principal 71 Rue François Peissel 69300 CALUIRE-ET-CUIRE France,Auvergne-Rhône-Alpes,Rhône,Caluire-Et-Cuire,https://www.notaires.fr/fr/office/link-notaires-sarl-0,notaires.fr,2026-06-19 13:25:48
Office notarial LOMBARD Wafae à LIMONEST (69760) | 314 allée des Noisetiers,wafae.lombard@69198.notaires.fr,wafae.lombard@69198.notaires.fr,0428298489,0428298489,Bureau principal 314 allée des Noisetiers 69760 LIMONEST France,Auvergne-Rhône-Alpes,Rhône,Limonest,https://www.notaires.fr/fr/office/lombard-wafae,notaires.fr,2026-06-19 13:25:49
"Office notarial LUMEN NOTAIRES, SELARL à LYON (69008) | 2 Avenue des Frères Lumière",emilie.jourdan@notaires.fr,emilie.jourdan@notaires.fr,0428299700,0428299700,Bureau principal 2 Avenue des Frères Lumière 69008 LYON France,Auvergne-Rhône-Alpes,Rhône,Lyon,https://www.notaires.fr/fr/office/lumen-notaires-selarl,notaires.fr,2026-06-19 13:25:51
"Office notarial Maître MILESI Notaire, SARL à SATHONAY-CAMP (69580) | 9 Avenue Félix Faure",officenotarial@69214.notaires.fr,officenotarial@69214.notaires.fr,0000000000,0000000000,Bureau principal 9 Avenue Félix Faure 69580 SATHONAY-CAMP France,Auvergne-Rhône-Alpes,Rhône,Sathonay-Camp,https://www.notaires.fr/fr/office/maitre-milesi-notaire-sarl,notaires.fr,2026-06-19 13:25:54
Office notarial MARECHAL Thibault à LYON (69002) | 56 Cours Charlemagne,thibault.marechal@69178.notaires.fr,thibault.marechal@69178.notaires.fr,0472134695,0472134695,Bureau principal 56 Cours Charlemagne 69002 LYON France,Auvergne-Rhône-Alpes,Rhône,Lyon,https://www.notaires.fr/fr/office/marechal-thibault,notaires.fr,2026-06-19 13:25:55
Office notarial MARIOTTE Stéphanie à LYON (69006) | 10 Boulevard Jules Favre,stephanie.mariotte@notaires.fr,stephanie.mariotte@notaires.fr,0481060795,0481060795,Bureau principal 10 Boulevard Jules Favre 69006 LYON France,Auvergne-Rhône-Alpes,Rhône,Lyon,https://www.notaires.fr/fr/office/mariotte-stephanie,notaires.fr,2026-06-19 13:25:57
Office notarial MATA Victoria à LYON (69008) | 310 Avenue Berthelot,victoria.mata@notaires.fr,victoria.mata@notaires.fr,0472780290,0472780290,Bureau principal 310 Avenue Berthelot 69008 LYON France,Auvergne-Rhône-Alpes,Rhône,Lyon,https://www.notaires.fr/fr/office/mata-victoria,notaires.fr,2026-06-19 13:26:00
"Office notarial MAUGAIN NOTAIRES, SELARL à LYON (69003) | 34 cours Lafayette",bertram.julienne@notaires.fr,bertram.julienne@notaires.fr,0472130397,0472130397,Bureau principal 34 cours Lafayette 69003 LYON France,Auvergne-Rhône-Alpes,Rhône,Lyon,https://www.notaires.fr/fr/office/maugain-notaires-selarl,notaires.fr,2026-06-19 13:26:02
Office notarial MERMET Pierre à LIMAS (69400) | 84 rue Henri Dépagneux,pierre.mermet@notaires.fr,pierre.mermet@notaires.fr,0474045153,0474045153,Bureau principal 84 rue Henri Dépagneux 69400 LIMAS France,Auvergne-Rhône-Alpes,Rhône,Limas,https://www.notaires.fr/fr/office/mermet-pierre,notaires.fr,2026-06-19 13:26:03
Office notarial MESSERI Aurore à LYON (69003) | 6 cours de la Liberté,aurore.messeri@notaires.fr,aurore.messeri@notaires.fr,0481061360,0481061360,Bureau principal 6 cours de la Liberté 69003 LYON France,Auvergne-Rhône-Alpes,Rhône,Lyon,https://www.notaires.fr/fr/office/messeri-aurore,notaires.fr,2026-06-19 13:26:04
Office notarial MONTEL Hélène à VERNAISON (69390) | 336 rue de la Fée des Eaux,h.montel@notaires.fr,h.montel@notaires.fr,0482531832,0482531832,Bureau principal 336 rue de la Fée des Eaux 69390 VERNAISON France,Auvergne-Rhône-Alpes,Rhône,Vernaison,https://www.notaires.fr/fr/office/montel-helene,notaires.fr,2026-06-19 13:26:07
Office notarial MOREL Laetitia à LYON (69003) | 127 cours du Docteur Long,morel.laetitia@notaires.fr,morel.laetitia@notaires.fr,0481061095,0481061095,Bureau principal 127 cours du Docteur Long 69003 LYON France,Auvergne-Rhône-Alpes,Rhône,Lyon,https://www.notaires.fr/fr/office/morel-laetitia,notaires.fr,2026-06-19 13:26:09
Office notarial MURANA-CHARLUET Raphaëlle à SAINT-DIDIER-AU-MONT-D'OR (69370) | 11 rue Voie Lactée,r.murana@notaires.fr,r.murana@notaires.fr,0485680145,0485680145,Bureau principal 11 rue Voie Lactée 69370 SAINT-DIDIER-AU-MONT-D'OR France,Auvergne-Rhône-Alpes,Rhône,Saint-Didier-Au-Mont-D'or,https://www.notaires.fr/fr/office/murana-charluet-raphaelle,notaires.fr,2026-06-19 13:26:11
Office notarial MURAT Marie-Pierre à VILLEURBANNE (69100) | 109 Cours Emile Zola,office.murat@notaires.fr,office.murat@notaires.fr,0437431922,0437431922,Bureau principal 109 Cours Emile Zola 69100 VILLEURBANNE France,Auvergne-Rhône-Alpes,Rhône,Villeurbanne,https://www.notaires.fr/fr/office/murat-marie-pierre,notaires.fr,2026-06-19 13:26:13
Office notarial NARDINI Magali à CHAZAY-D'AZERGUES (69380) | 9 rue Marius Berliet,office.nardini@notaires.fr,office.nardini@notaires.fr,04.86.11.05.15,04.86.11.05.15,Bureau principal 9 rue Marius Berliet 69380 CHAZAY-D'AZERGUES France,Auvergne-Rhône-Alpes,Rhône,Chazay-D'azergues,https://www.notaires.fr/fr/office/nardini-magali,notaires.fr,2026-06-19 13:26:15
Office notarial NICOLLE et associés à LYON (69003) | 90 rue Paul Bert,christian.nicolle@notaires.fr,christian.nicolle@notaires.fr,0492309230,0492309230,Bureau principal 90 rue Paul Bert 69003 LYON France,Auvergne-Rhône-Alpes,Rhône,Lyon,https://www.notaires.fr/fr/office/nicolle-et-associes-0,notaires.fr,2026-06-19 13:26:18
Office notarial NOHARET Françoise à LYON (69007) | 200 AVENUE JEAN JAURES,office.noharet@notaires.fr,office.noharet@notaires.fr,0437376850,0437376850,Bureau principal 200 AVENUE JEAN JAURES 69007 LYON France,Auvergne-Rhône-Alpes,Rhône,Lyon,https://www.notaires.fr/fr/office/noharet-francoise,notaires.fr,2026-06-19 13:26:20
"Office notarial NOT’ACTES MARCY à MARCY (69480) | 20, Rue de la Tour",renaud.fontaine@69169.notaires.fr,renaud.fontaine@69169.notaires.fr,0437552285,0437552285,"Bureau principal 20, Rue de la Tour 69480 MARCY France",Auvergne-Rhône-Alpes,Rhône,Marcy,https://www.notaires.fr/fr/office/notactes-marcy,notaires.fr,2026-06-19 13:26:22
Office notarial NOTAEM et associés à SAINT-CYR-AU-MONT-D'OR (69450) | 1 rue Reynier,notaem@notaem.notaires.fr,notaem@notaem.notaires.fr,0478472483,0478472483,Bureau principal 1 rue Reynier 69450 SAINT-CYR-AU-MONT-D'OR France,Auvergne-Rhône-Alpes,Rhône,Saint-Cyr-Au-Mont-D'or,https://www.notaires.fr/fr/office/notaem-et-associes,notaires.fr,2026-06-19 13:26:24
Office notarial NOTAIRES GAMBETTA à VILLEFRANCHE-SUR-SAÔNE (69400) | 257 rue Boiron,secretariat@etudegambetta.notaires.fr,secretariat@etudegambetta.notaires.fr,0474029910,0474029910,Bureau principal 257 rue Boiron 69400 VILLEFRANCHE-SUR-SAÔNE France,Auvergne-Rhône-Alpes,Rhône,Villefranche-Sur-Saône,https://www.notaires.fr/fr/office/notaires-gambetta,notaires.fr,2026-06-19 13:26:25
Office notarial NOTARA à LYON (69007) | 152 Grande Rue de la Guillotière,notara.lyon@notaires.fr,notara.lyon@notaires.fr,0983211434,0983211434,Bureau principal 152 Grande Rue de la Guillotière 69007 LYON France,Auvergne-Rhône-Alpes,Rhône,Lyon,https://www.notaires.fr/fr/office/notara,notaires.fr,2026-06-19 13:26:26
"Office notarial ODO, notaire à THIZY-LES-BOURGS (69240) | 47 RUE JEAN JAURES",notaires.thizy@notaires.fr,notaires.thizy@notaires.fr,0474640048,0474640048,Bureau principal 47 RUE JEAN JAURES 69240 THIZY-LES-BOURGS France,Auvergne-Rhône-Alpes,Rhône,Thizy-Les-Bourgs,https://www.notaires.fr/fr/office/odo-notaire,notaires.fr,2026-06-19 13:26:28
"Office notarial OFFICE NOTARIAL DE PRESSENSE, SELARL à VILLEURBANNE (69100) | 46 rue Francis de Pressensé",helene.geraud@notaires.fr,helene.geraud@notaires.fr,0437482561,0437482561,Bureau principal 46 rue Francis de Pressensé 69100 VILLEURBANNE France,Auvergne-Rhône-Alpes,Rhône,Villeurbanne,https://www.notaires.fr/fr/office/office-notarial-de-pressense-selarl,notaires.fr,2026-06-19 13:26:30
"Office notarial OFFICE NOTARIAL DES CHARPENNES-VILLEURBANNE, SELARL à VILLEURBANNE (69100) | 50 A Cours Emile Zola",oncv@69136.notaires.fr,oncv@69136.notaires.fr,0472759396,0472759396,Bureau principal 50 A Cours Emile Zola 69100 VILLEURBANNE France,Auvergne-Rhône-Alpes,Rhône,Villeurbanne,https://www.notaires.fr/fr/office/office-notarial-des-charpennes-villeurbanne-selarl,notaires.fr,2026-06-19 13:26:32
"Office notarial Office Notarial des Jacobins, SAS à LYON (69002) | 8 place des Jacobins",,,0478371744,0478371744,Bureau principal 8 place des Jacobins 69002 LYON France,Auvergne-Rhône-Alpes,Rhône,Lyon,https://www.notaires.fr/fr/office/office-notarial-des-jacobins-sas,notaires.fr,2026-06-19 13:26:33
"Office notarial OFFICE NOTARIAL DU PAYS ARBRESLOIS, SELARL à L'ARBRESLE (69210) | 54, rue Claude Terrasse",office.larbresle@onpa.notaires.fr,office.larbresle@onpa.notaires.fr,0474010014,0474010014,"Bureau principal 54, rue Claude Terrasse 69210 L'ARBRESLE France",Auvergne-Rhône-Alpes,Rhône,L'arbresle,https://www.notaires.fr/fr/office/office-notarial-du-pays-arbreslois-selarl,notaires.fr,2026-06-19 13:26:35
"Office notarial OFFICE ROOSEVELT et associés, SELARL à LYON (69006) | 24 Cours Franklin Roosevelt",scp.bronnert@notaires.fr,scp.bronnert@notaires.fr,0472838080,0472838080,Bureau principal 24 Cours Franklin Roosevelt 69006 LYON France,Auvergne-Rhône-Alpes,Rhône,Lyon,https://www.notaires.fr/fr/office/office-roosevelt-et-associes-selarl,notaires.fr,2026-06-19 13:26:37
"Office notarial ONPC NOTAIRES, SELARL à LYON (69006) | 58 rue Tête d'Or",alexandre.kleinhans@onpc-lyon.notaires.fr,alexandre.kleinhans@onpc-lyon.notaires.fr,0481098330,0481098330,Bureau principal 58 rue Tête d'Or 69006 LYON France,Auvergne-Rhône-Alpes,Rhône,Lyon,https://www.notaires.fr/fr/office/onpc-notaires-selarl,notaires.fr,2026-06-19 13:26:38
"Office notarial PARISET, Notaire, SARL à LYON (69001) | 2 rue de Provence",scp.paillard-pariset@notaires.fr,scp.paillard-pariset@notaires.fr,0472982798,0472982798,Bureau principal 2 rue de Provence 69001 LYON France,Auvergne-Rhône-Alpes,Rhône,Lyon,https://www.notaires.fr/fr/office/pariset-notaire-sarl,notaires.fr,2026-06-19 13:26:40
Office notarial PARTOUCHE Sébastien à LISSIEU (69380) | 101 Route Nationale 6,sebastien.partouche@notaires.fr,sebastien.partouche@notaires.fr,0472599128,0472599128,Bureau principal 101 Route Nationale 6 69380 LISSIEU France,Auvergne-Rhône-Alpes,Rhône,Lissieu,https://www.notaires.fr/fr/office/partouche-sebastien,notaires.fr,2026-06-19 13:26:42
"Office notarial PAUL & associés – Notaires Lyon, SELAS à LYON (69009) | 28 rue Joannès Carret",corinne.nicolle@notaires.fr,corinne.nicolle@notaires.fr,0412054740,0412054740,Bureau principal 28 rue Joannès Carret 69009 LYON France,Auvergne-Rhône-Alpes,Rhône,Lyon,https://www.notaires.fr/fr/office/paul-associes-notaires-lyon-selas,notaires.fr,2026-06-19 13:26:43
"Office notarial PCMV NOTAIRES, SARL à LYON (69004) | 18/19 Place de la Croix Rousse",office@pcmv.notaires.fr,office@pcmv.notaires.fr,0437408084,0437408084,Bureau principal 18/19 Place de la Croix Rousse 69004 LYON France,Auvergne-Rhône-Alpes,Rhône,Lyon,https://www.notaires.fr/fr/office/pcmv-notaires-sarl,notaires.fr,2026-06-19 13:26:45
"Office notarial PERRAUD & Associés - Notaires, SAS à LYON (69003) | 19 boulevard Eugène Deruelle",perraud.lyon@notaires.fr,perraud.lyon@notaires.fr,,,Bureau principal 19 boulevard Eugène Deruelle 69003 LYON France,Auvergne-Rhône-Alpes,Rhône,Lyon,https://www.notaires.fr/fr/office/perraud-associes-notaires-sas-0,notaires.fr,2026-06-19 13:26:47
Office notarial PESSIA Faustine à DOMMARTIN (69380) | 1702 route des Bois,faustine.pessia@69072.notaires.fr,faustine.pessia@69072.notaires.fr,0000000000,0000000000,Bureau principal 1702 route des Bois 69380 DOMMARTIN France,Auvergne-Rhône-Alpes,Rhône,Dommartin,https://www.notaires.fr/fr/office/pessia-faustine,notaires.fr,2026-06-19 13:26:49
Office notarial PICOT Laura à LYON (69006) | 63 rue Boileau,laura.picot@69212.notaires.fr,laura.picot@69212.notaires.fr,0478133758,0478133758,Bureau principal 63 rue Boileau 69006 LYON France,Auvergne-Rhône-Alpes,Rhône,Lyon,https://www.notaires.fr/fr/office/picot-laura,notaires.fr,2026-06-19 13:26:50
"Office notarial PROUVOST-CLAEYS, SAS à associé unique à L'ARBRESLE (69210) | 193 Route de Sain-Bel",louise.prouvost@69209.notaires.fr,louise.prouvost@69209.notaires.fr,0428299066,0428299066,Bureau principal 193 Route de Sain-Bel 69210 L'ARBRESLE France,Auvergne-Rhône-Alpes,Rhône,L'arbresle,https://www.notaires.fr/fr/office/prouvost-claeys-sas-associe-unique,notaires.fr,2026-06-19 13:26:51
"Office notarial RAY et associé, SELARL à SAINT-FONS (69190) | 1 Avenue Jean Jaurès",ray.sassard@notaires.fr,ray.sassard@notaires.fr,0478700047,0478700047,Bureau principal 1 Avenue Jean Jaurès 69190 SAINT-FONS France,Auvergne-Rhône-Alpes,Rhône,Saint-Fons,https://www.notaires.fr/fr/office/ray-et-associe-selarl,notaires.fr,2026-06-19 13:26:53
Office notarial REAL LEX Notaires à CRAPONNE (69290) | 123 AVENUE PIERRE DUMOND,office69066.craponne@notaires.fr,office69066.craponne@notaires.fr,0478578039,0478578039,Bureau principal 123 AVENUE PIERRE DUMOND 69290 CRAPONNE France,Auvergne-Rhône-Alpes,Rhône,Craponne,https://www.notaires.fr/fr/office/real-lex-notaires,notaires.fr,2026-06-19 13:26:54
Office notarial REBMANN Fanny à LYON (69004) | 32 rue Jacques-Louis Hénon,fanny.rebmann@notaires.fr,fanny.rebmann@notaires.fr,0000000000,0000000000,Bureau principal 32 rue Jacques-Louis Hénon 69004 LYON France,Auvergne-Rhône-Alpes,Rhône,Lyon,https://www.notaires.fr/fr/office/rebmann-fanny,notaires.fr,2026-06-19 13:26:56
"Office notarial REBOTIER PERET LEVRAULT ET MERLE NOTAIRES ASSOCIES, SELARL à LYON (69009) | 2 boulevard Antoine de Saint Exupéry",notaires.vaise@notaires.fr,notaires.vaise@notaires.fr,0478646749,0478646749,Bureau principal 2 boulevard Antoine de Saint Exupéry 69009 LYON France,Auvergne-Rhône-Alpes,Rhône,Lyon,https://www.notaires.fr/fr/office/rebotier-peret-levrault-et-merle-notaires-associes-selarl,notaires.fr,2026-06-19 13:26:57
Office notarial RENETEAU Anaïs à CHAPONOST (69630) | 1 Route des Troques,anais.reneteau@reneteau.notaires.fr,anais.reneteau@reneteau.notaires.fr,0478563572,0478563572,Bureau principal 1 Route des Troques 69630 CHAPONOST France,Auvergne-Rhône-Alpes,Rhône,Chaponost,https://www.notaires.fr/fr/office/reneteau-anais,notaires.fr,2026-06-19 13:26:59
Office notarial REY Karyne à LYON (69002) | 3 rue Victor Hugo,etude.rey@notaires.fr,etude.rey@notaires.fr,0472162590,0472162590,Bureau principal 3 rue Victor Hugo 69002 LYON France,Auvergne-Rhône-Alpes,Rhône,Lyon,https://www.notaires.fr/fr/office/rey-karyne,notaires.fr,2026-06-19 13:27:01
Office notarial ROBIN Axel à LYON (69003) | 123 cours Albert Thomas,etude@69047.notaires.fr,etude@69047.notaires.fr,0449232420,0449232420,Bureau principal 123 cours Albert Thomas 69003 LYON France,Auvergne-Rhône-Alpes,Rhône,Lyon,https://www.notaires.fr/fr/office/robin-axel,notaires.fr,2026-06-19 13:27:03
"Office notarial ROCHELOIS LYON, SELAS à LYON (69003) | 10-12 boulevard Marius Vivier Merle",contact@rocheloislyon.notaires.fr,contact@rocheloislyon.notaires.fr,0487658201,0487658201,Bureau principal 10-12 boulevard Marius Vivier Merle 69003 LYON France,Auvergne-Rhône-Alpes,Rhône,Lyon,https://www.notaires.fr/fr/office/rochelois-lyon-selas,notaires.fr,2026-06-19 13:27:05
"Office notarial ROSTAING-MUSSIO et associée, SELARL à LYON (69003) | 40 Rue Antoine Charial",corine.mussio@notaires.fr,corine.mussio@notaires.fr,0472459539,0472459539,Bureau principal 40 Rue Antoine Charial 69003 LYON France,Auvergne-Rhône-Alpes,Rhône,Lyon,https://www.notaires.fr/fr/office/rostaing-mussio-et-associee-selarl-0,notaires.fr,2026-06-19 13:27:07
Office notarial RUCHON Edouard à LYON (69005) | 60 avenue du Point du Jour,edouard.ruchon@notaires.fr,edouard.ruchon@notaires.fr,0472544808,0472544808,Bureau principal 60 avenue du Point du Jour 69005 LYON France,Auvergne-Rhône-Alpes,Rhône,Lyon,https://www.notaires.fr/fr/office/ruchon-edouard,notaires.fr,2026-06-19 13:27:09
"Office notarial S2R NOTAIRES CONSEILS, SELARL à LYON (69006) | 50 boulevard des Belges",simon.reboul@69225.notaires.fr,simon.reboul@69225.notaires.fr,0437479982,0437479982,Bureau principal 50 boulevard des Belges 69006 LYON France,Auvergne-Rhône-Alpes,Rhône,Lyon,https://www.notaires.fr/fr/office/s2r-notaires-conseils-selarl,notaires.fr,2026-06-19 13:27:11
Office notarial SALAGNAT Frédéric à CHASSIEU (69680) | 56 route de Genas,salagnat@notaires.fr,salagnat@notaires.fr,0472797470,0472797470,Bureau principal 56 route de Genas 69680 CHASSIEU France,Auvergne-Rhône-Alpes,Rhône,Chassieu,https://www.notaires.fr/fr/office/salagnat-frederic,notaires.fr,2026-06-19 13:27:12
"Office notarial COLOMB - CERON - BOULESTEIX, SELARL à SAINT-GENIS-LAVAL (69230) | 31 rue Charles Luizet",etude.69054@notaires.fr,etude.69054@notaires.fr,0478560150,0478560150,Bureau principal 31 rue Charles Luizet 69230 SAINT-GENIS-LAVAL France,Auvergne-Rhône-Alpes,Rhône,Saint-Genis-Laval,https://www.notaires.fr/fr/office/colomb-ceron-boulesteix-selarl,notaires.fr,2026-06-19 13:24:18
Office notarial COMPAGNON et associée à VÉNISSIEUX (69200) | 52 rue Professeur Roux,etude.69070@notaires.fr,etude.69070@notaires.fr,0478008634,0478008634,Bureau principal 52 rue Professeur Roux 69200 VÉNISSIEUX France,Auvergne-Rhône-Alpes,Rhône,Venissieux,https://www.notaires.fr/fr/office/compagnon-et-associee,notaires.fr,2026-06-19 13:24:20
"Office notarial COURBON, ODIN, SELARL à LYON (69006) | 23 quai Général Sarrail",courbon-odin@69109.notaires.fr,courbon-odin@69109.notaires.fr,0478521524,0478521524,Bureau principal 23 quai Général Sarrail 69006 LYON France,Auvergne-Rhône-Alpes,Rhône,Lyon,https://www.notaires.fr/fr/office/courbon-odin-selarl,notaires.fr,2026-06-19 13:24:21
"Office notarial COUVERT et associés, SARL à BELLEVILLE (69220) | 8 PLACE DE L EGLISE",officebelleville.69087@notaires.fr,officebelleville.69087@notaires.fr,0474660363,0474660363,Bureau principal 8 PLACE DE L EGLISE 69220 BELLEVILLE France,Auvergne-Rhône-Alpes,Rhône,Belleville,https://www.notaires.fr/fr/office/couvert-et-associes-sarl,notaires.fr,2026-06-19 13:24:23
Office notarial CURUNET-PARRAMON Virginie à CHARBONNIÈRES-LES-BAINS (69260) | 104 Route de Paris,virginie.curunet-parramon@69176.notaires.fr,virginie.curunet-parramon@69176.notaires.fr,0478662060,0478662060,Bureau principal 104 Route de Paris 69260 CHARBONNIÈRES-LES-BAINS France,Auvergne-Rhône-Alpes,Rhône,Charbonnières-Les-Bains,https://www.notaires.fr/fr/office/curunet-parramon-virginie,notaires.fr,2026-06-19 13:24:25
Office notarial DAUVISIS Michel à SAINT-SYMPHORIEN-D'OZON (69360) | 11 avenue Burago Di Molgora,etude.dauvisis@69116.notaires.fr,etude.dauvisis@69116.notaires.fr,0478027493,0478027493,Bureau principal 11 avenue Burago Di Molgora 69360 SAINT-SYMPHORIEN-D'OZON France,Auvergne-Rhône-Alpes,Rhône,Saint-Symphorien-D'ozon,https://www.notaires.fr/fr/office/dauvisis-michel,notaires.fr,2026-06-19 13:24:27
Office notarial DOUZON Denis à LYON (69007) | 55 AVENUE JEAN JAURES,denis.douzon@notaires.fr,denis.douzon@notaires.fr,0478967800,0478967800,Bureau principal 55 AVENUE JEAN JAURES 69007 LYON France,Auvergne-Rhône-Alpes,Rhône,Lyon,https://www.notaires.fr/fr/office/douzon-denis,notaires.fr,2026-06-19 13:24:29
Office notarial DUCAROUGE Nathalie à DARDILLY (69570) | 6 AVENUE DE VERDUN,nathalie.ducarouge@notaires.fr,nathalie.ducarouge@notaires.fr,0474019806,0474019806,Bureau principal 6 AVENUE DE VERDUN 69570 DARDILLY France,Auvergne-Rhône-Alpes,Rhône,Dardilly,https://www.notaires.fr/fr/office/ducarouge-nathalie,notaires.fr,2026-06-19 13:24:30
"Office notarial ENTRELIGNE NOTAIRES, SELAS à BRON (69500) | 200 avenue Franklin Roosevelt",entreligne@notaires.fr,entreligne@notaires.fr,0478267302,0478267302,Bureau principal 200 avenue Franklin Roosevelt 69500 BRON France,Auvergne-Rhône-Alpes,Rhône,Bron,https://www.notaires.fr/fr/office/entreligne-notaires-selas,notaires.fr,2026-06-19 13:24:32
"Office notarial ENVO’L - NOTAIRES ASSOCIES, SELARL à VAL D'OINGT - LE BOIS D OINGT (69620) | 208 RUE DE LA PETITE GARE",etude69094.leboisdoingt@notaires.fr,etude69094.leboisdoingt@notaires.fr,0474716010,0474716010,Bureau principal 208 RUE DE LA PETITE GARE 69620 VAL D'OINGT - LE BOIS D OINGT France,Auvergne-Rhône-Alpes,Rhône,Val D'oingt - Le Bois D Oingt,https://www.notaires.fr/fr/office/envol-notaires-associes-selarl,notaires.fr,2026-06-19 13:24:34
"Office notarial EST’ACT NOTAIRES, SELARL à BRON (69500) | 150 Rue de la pagère",estact@notaires.fr,estact@notaires.fr,0437268262,0437268262,Bureau principal 150 Rue de la pagère 69500 BRON France,Auvergne-Rhône-Alpes,Rhône,Bron,https://www.notaires.fr/fr/office/estact-notaires-selarl,notaires.fr,2026-06-19 13:24:36
"Office notarial EUNOMIA, SELAS à LYON (69001) | 3 rue de la République",eunomia@eunomia.notaires.fr,eunomia@eunomia.notaires.fr,0428297940,0428297940,Bureau principal 3 rue de la République 69001 LYON France,Auvergne-Rhône-Alpes,Rhône,Lyon,https://www.notaires.fr/fr/office/eunomia-selas,notaires.fr,2026-06-19 13:24:37
Office notarial FALCOZ et associés à LYON (69006) | 63 rue Duquesne,,,0478936618,0478936618,Bureau principal 63 rue Duquesne 69006 LYON France,Auvergne-Rhône-Alpes,Rhône,Lyon,https://www.notaires.fr/fr/office/falcoz-et-associes,notaires.fr,2026-06-19 13:24:39
Office notarial FAURÉ Laurent à MEYZIEU (69330) | 4 place Burignat,laurent.faure@notaires.fr,laurent.faure@notaires.fr,0428297797,0428297797,Bureau principal 4 place Burignat 69330 MEYZIEU France,Auvergne-Rhône-Alpes,Rhône,Meyzieu,https://www.notaires.fr/fr/office/faure-laurent,notaires.fr,2026-06-19 13:24:40
"Office notarial GAILLOT et associée, SELARL à SAINT-GEORGES-DE-RENEINS (69830) | 140 boulevard Emile Guyot",gaillot.viana@69091.notaires.fr,gaillot.viana@69091.notaires.fr,0474676748,0474676748,Bureau principal 140 boulevard Emile Guyot 69830 SAINT-GEORGES-DE-RENEINS France,Auvergne-Rhône-Alpes,Rhône,Saint-Georges-De-Reneins,https://www.notaires.fr/fr/office/gaillot-et-associee-selarl,notaires.fr,2026-06-19 13:24:42
"Office notarial GALILEE, SELARL à MARCY-L'ÉTOILE (69280) | 1163 Avenue Marcel Mérieux",office@galilee.notaires.fr,office@galilee.notaires.fr,0428297868,0428297868,Bureau principal 1163 Avenue Marcel Mérieux 69280 MARCY-L'ÉTOILE France,Auvergne-Rhône-Alpes,Rhône,Marcy-L'étoile,https://www.notaires.fr/fr/office/galilee-selarl,notaires.fr,2026-06-19 13:24:43
Office notarial GARCIN et associée à LYON (69002) | 12 quai Saint-Antoine,garcin.illuminati@notaires.fr,garcin.illuminati@notaires.fr,0478429898,0478429898,Bureau principal 12 quai Saint-Antoine 69002 LYON France,Auvergne-Rhône-Alpes,Rhône,Lyon,https://www.notaires.fr/fr/office/garcin-et-associee,notaires.fr,2026-06-19 13:24:45
"Office notarial GAZQUEZ, SELARL à LYON (69006) | 18 rue de Créqui",matthieu.gazquez@notaires.fr,matthieu.gazquez@notaires.fr,0428292918,0428292918,Bureau principal 18 rue de Créqui 69006 LYON France,Auvergne-Rhône-Alpes,Rhône,Lyon,https://www.notaires.fr/fr/office/gazquez-selarl,notaires.fr,2026-06-19 13:24:47
"Office notarial GERIN - EPELY, notaire associée, SELURL à ÉCULLY (69130) | 16 AVENUE DU DOCTEUR TERVER",christelle.gerin-epely@notaires.fr,christelle.gerin-epely@notaires.fr,0472859951,0472859951,Bureau principal 16 AVENUE DU DOCTEUR TERVER 69130 ÉCULLY France,Auvergne-Rhône-Alpes,Rhône,Ecully,https://www.notaires.fr/fr/office/gerin-epely-notaire-associee-selurl,notaires.fr,2026-06-19 13:24:48
Office notarial GHO Lorena à LYON (69004) | 17 rue d' Austerlitz,lorena.gho@notaires.fr,lorena.gho@notaires.fr,0481650298,0481650298,Bureau principal 17 rue d' Austerlitz 69004 LYON France,Auvergne-Rhône-Alpes,Rhône,Lyon,https://www.notaires.fr/fr/office/gho-lorena,notaires.fr,2026-06-19 13:24:50
"Office notarial GIDON, RICHARD, PALAZZOLO, SELARL à CHASSELAY (69380) | 315 chemin du Cuchet",etude69043.chasselay@notaires.fr,etude69043.chasselay@notaires.fr,0478476518,0478476518,Bureau principal 315 chemin du Cuchet 69380 CHASSELAY France,Auvergne-Rhône-Alpes,Rhône,Chasselay,https://www.notaires.fr/fr/office/gidon-richard-palazzolo-selarl,notaires.fr,2026-06-19 13:24:52
"Office notarial GINON & ASSOCIÉS, SAS à LYON (69002) | 7 rue Antoine de Saint Exupéry",ginon.associes@ginon.notaires.fr,ginon.associes@ginon.notaires.fr,0478426775,0478426775,Bureau principal 7 rue Antoine de Saint Exupéry 69002 LYON France,Auvergne-Rhône-Alpes,Rhône,Lyon,https://www.notaires.fr/fr/office/ginon-associes-sas,notaires.fr,2026-06-19 13:24:54
"Office notarial GINON & ASSOCIÉS, SAS à LYON (69002) | 7 rue Antoine de Saint Exupéry",ginon.associes@ginon.notaires.fr,ginon.associes@ginon.notaires.fr,0478281606,0478281606,Bureau principal 7 rue Antoine de Saint Exupéry 69002 LYON France,Auvergne-Rhône-Alpes,Rhône,Lyon,https://www.notaires.fr/fr/office/ginon-associes-sas-0,notaires.fr,2026-06-19 13:24:55
Office notarial GOBET Nelly à SAIN-BEL (69210) | 30 quai de la Brévenne,nelly.gobet@notaires.fr,nelly.gobet@notaires.fr,0428384030,0428384030,Bureau principal 30 quai de la Brévenne 69210 SAIN-BEL France,Auvergne-Rhône-Alpes,Rhône,Sain-Bel,https://www.notaires.fr/fr/office/gobet-nelly,notaires.fr,2026-06-19 13:24:57
Office notarial GODARD Maud à LYON (69007) | 42 rue de l'Université,maud.godard@notaires.fr,maud.godard@notaires.fr,0428299440,0428299440,Bureau principal 42 rue de l'Université 69007 LYON France,Auvergne-Rhône-Alpes,Rhône,Lyon,https://www.notaires.fr/fr/office/godard-maud,notaires.fr,2026-06-19 13:24:59
Office notarial GODEMEL et associés à MORNANT (69440) | 9 avenue de Verdun,glcd.mornant@notaires.fr,glcd.mornant@notaires.fr,0478441255,0478441255,Bureau principal 9 avenue de Verdun 69440 MORNANT France,Auvergne-Rhône-Alpes,Rhône,Mornant,https://www.notaires.fr/fr/office/godemel-et-associes,notaires.fr,2026-06-19 13:25:01
Office notarial GOLLY François à OULLINS-PIERRE-BÉNITE - OULLINS (69600) | 5 rue Pierre Semard,office.69097@notaires.fr,office.69097@notaires.fr,0481922628,0481922628,Bureau principal 5 rue Pierre Semard 69600 OULLINS-PIERRE-BÉNITE - OULLINS France,Auvergne-Rhône-Alpes,Rhône,Oullins-Pierre-Bénite - Oullins,https://www.notaires.fr/fr/office/golly-francois,notaires.fr,2026-06-19 13:25:02
Office notarial GOUTILLE Pierre à LYON (69008) | 13 place du 11 novembre 1918,pierre.goutille@notaires.fr,pierre.goutille@notaires.fr,0478426793,0478426793,Bureau principal 13 place du 11 novembre 1918 69008 LYON France,Auvergne-Rhône-Alpes,Rhône,Lyon,https://www.notaires.fr/fr/office/goutille-pierre,notaires.fr,2026-06-19 13:25:04
"Office notarial GUERIN Claudie à TASSIN-LA-DEMI-LUNE (69160) | 14, B Chemin du Professeur Depéret",claudie.guerin@notaires.fr,claudie.guerin@notaires.fr,0472196342,0472196342,"Bureau principal 14, B Chemin du Professeur Depéret 69160 TASSIN-LA-DEMI-LUNE France",Auvergne-Rhône-Alpes,Rhône,Tassin-La-Demi-Lune,https://www.notaires.fr/fr/office/guerin-claudie,notaires.fr,2026-06-19 13:25:06
Office notarial GUIGNOT Anthony à CORBAS (69960) | 5 rue du Mont Blanc,anthony.guignot@notaires.fr,anthony.guignot@notaires.fr,04.72.59.18.24,04.72.59.18.24,Bureau principal 5 rue du Mont Blanc 69960 CORBAS France,Auvergne-Rhône-Alpes,Rhône,Corbas,https://www.notaires.fr/fr/office/guignot-anthony,notaires.fr,2026-06-19 13:25:08
"Office notarial HAMPARSOUMIAN et CAZARIAN, SELARL à LYON (69002) | 6 rue Emile Zola",sevane.cazarian@notaires.fr,sevane.cazarian@notaires.fr,0478389273,0478389273,Bureau principal 6 rue Emile Zola 69002 LYON France,Auvergne-Rhône-Alpes,Rhône,Lyon,https://www.notaires.fr/fr/office/hamparsoumian-et-cazarian-selarl,notaires.fr,2026-06-19 13:25:10
Office notarial HAMPARSOUMIAN Magalie à SAINT-DIDIER-AU-MONT-D'OR (69370) | 113 rue de Saint Cyr,m.hamparsoumian@notaires.fr,m.hamparsoumian@notaires.fr,0472091288,0472091288,Bureau principal 113 rue de Saint Cyr 69370 SAINT-DIDIER-AU-MONT-D'OR France,Auvergne-Rhône-Alpes,Rhône,Saint-Didier-Au-Mont-D'or,https://www.notaires.fr/fr/office/hamparsoumian-magalie,notaires.fr,2026-06-19 13:25:12
"Office notarial HEITZ-ESCUDIER et associée, SELAS à LYON (69006) | 20 Avenue du Maréchal Foch",office.lyon.foch.69175@notaires.fr,office.lyon.foch.69175@notaires.fr,0437482555,0437482555,Bureau principal 20 Avenue du Maréchal Foch 69006 LYON France,Auvergne-Rhône-Alpes,Rhône,Lyon,https://www.notaires.fr/fr/office/heitz-escudier-et-associee-selas,notaires.fr,2026-06-19 13:25:13
Office notarial HEYMONET Diane à LYON (69003) | 38 cours Eugénie,etude.heymonet@notaires.fr,etude.heymonet@notaires.fr,0437560711,0437560711,Bureau principal 38 cours Eugénie 69003 LYON France,Auvergne-Rhône-Alpes,Rhône,Lyon,https://www.notaires.fr/fr/office/heymonet-diane,notaires.fr,2026-06-19 13:25:15
"Office notarial Homnia notaires, SAS à VILLEURBANNE (69100) | 1 place Charles Hernu",homnia.69069@notaires.fr,homnia.69069@notaires.fr,0472114787,0472114787,Bureau principal 1 place Charles Hernu 69100 VILLEURBANNE France,Auvergne-Rhône-Alpes,Rhône,Villeurbanne,https://www.notaires.fr/fr/office/homnia-notaires-sas,notaires.fr,2026-06-19 13:25:17
"Office notarial Homnia notaires, SAS à LYON (69002) | 2 rue Childebert",elodie.coche@notaires.fr,elodie.coche@notaires.fr,0478925695,0478925695,Bureau principal 2 rue Childebert 69002 LYON France,Auvergne-Rhône-Alpes,Rhône,Lyon,https://www.notaires.fr/fr/office/homnia-notaires-sas-0,notaires.fr,2026-06-19 13:25:19
"Office notarial INGAB NOTAIRE, SELARL à LYON (69003) | 95 rue Molière",s.guilbert@notaires.fr,s.guilbert@notaires.fr,0428013998,0428013998,Bureau principal 95 rue Molière 69003 LYON France,Auvergne-Rhône-Alpes,Rhône,Lyon,https://www.notaires.fr/fr/office/ingab-notaire-selarl,notaires.fr,2026-06-19 13:25:21
"Office notarial JACOB – CARTIER, notaires, SELARL à LYON (69001) | 1 rue Puits Gaillot",scp.guinandetassocies@notaires.fr,scp.guinandetassocies@notaires.fr,0478286299,0478286299,Bureau principal 1 rue Puits Gaillot 69001 LYON France,Auvergne-Rhône-Alpes,Rhône,Lyon,https://www.notaires.fr/fr/office/jacob-cartier-notaires-selarl,notaires.fr,2026-06-19 13:25:22
"Office notarial Julie SCHLÄPPI, SELURL à SAINT-DIDIER-AU-MONT-D'OR (69370) | 44 avenue de la République",julie.schlappi@notaires.fr,julie.schlappi@notaires.fr,0662910631,0662910631,Bureau principal 44 avenue de la République 69370 SAINT-DIDIER-AU-MONT-D'OR France,Auvergne-Rhône-Alpes,Rhône,Saint-Didier-Au-Mont-D'or,https://www.notaires.fr/fr/office/julie-schlappi-selurl,notaires.fr,2026-06-19 13:25:24
"Office notarial KAEUFLING NOTAIRES, SARL à SAINT-PRIEST (69800) | 12 Bd François Reymond",kaeufling@notaires.fr,kaeufling@notaires.fr,0478201103,0478201103,Bureau principal 12 Bd François Reymond 69800 SAINT-PRIEST France,Auvergne-Rhône-Alpes,Rhône,Saint-Priest,https://www.notaires.fr/fr/office/kaeufling-notaires-sarl,notaires.fr,2026-06-19 13:25:26
Office notarial KINTZIG et associé à SAINT-LAURENT-DE-MURE (69720) | 77 avenue Jean Moulin,contact@kintzig.notaires.fr,contact@kintzig.notaires.fr,0472486363,0472486363,Bureau principal 77 avenue Jean Moulin 69720 SAINT-LAURENT-DE-MURE France,Auvergne-Rhône-Alpes,Rhône,Saint-Laurent-De-Mure,https://www.notaires.fr/fr/office/kintzig-et-associe,notaires.fr,2026-06-19 13:25:28
Office notarial KLEPPING Julien à LYON (69007) | 23 rue Crépet,contact.69288@notaires.fr,contact.69288@notaires.fr,0465848565,0465848565,Bureau principal 23 rue Crépet 69007 LYON France,Auvergne-Rhône-Alpes,Rhône,Lyon,https://www.notaires.fr/fr/office/klepping-julien,notaires.fr,2026-06-19 13:25:29
"Office notarial KLIF Notaire, SELAS à associé unique à LYON (69006) | 49 cours Vitton",melanie.klif@notaires.fr,melanie.klif@notaires.fr,0478174702,0478174702,Bureau principal 49 cours Vitton 69006 LYON France,Auvergne-Rhône-Alpes,Rhône,Lyon,https://www.notaires.fr/fr/office/klif-notaire-selas-associe-unique,notaires.fr,2026-06-19 13:25:31
"Office notarial KONSTELL, SELARL à LYON (69002) | 4 rue de la Charité",camille.michaud@notaires.fr,camille.michaud@notaires.fr,0472775340,0472775340,Bureau principal 4 rue de la Charité 69002 LYON France,Auvergne-Rhône-Alpes,Rhône,Lyon,https://www.notaires.fr/fr/office/konstell-selarl,notaires.fr,2026-06-19 13:25:32
Office notarial LAGREVOL Edouard à LIMONEST (69760) | 4 Place du Griffon,edouard.lagrevol@notaires.fr,edouard.lagrevol@notaires.fr,0451262403,0451262403,Bureau principal 4 Place du Griffon 69760 LIMONEST France,Auvergne-Rhône-Alpes,Rhône,Limonest,https://www.notaires.fr/fr/office/lagrevol-edouard,notaires.fr,2026-06-19 13:25:34
Office notarial LAITHIER Céline à LYON (69002) | 41 rue de la Bourse,celine.laithier@notaires.fr,celine.laithier@notaires.fr,0478921000,0478921000,Bureau principal 41 rue de la Bourse 69002 LYON France,Auvergne-Rhône-Alpes,Rhône,Lyon,https://www.notaires.fr/fr/office/laithier-celine,notaires.fr,2026-06-19 13:25:36
Office notarial LAMAMRA Terec à NEUVILLE-SUR-SAÔNE (69250) | 11 Avenue Carnot,terec.lamamra@lamamra.notaires.fr,terec.lamamra@lamamra.notaires.fr,0469470098,0469470098,Bureau principal 11 Avenue Carnot 69250 NEUVILLE-SUR-SAÔNE France,Auvergne-Rhône-Alpes,Rhône,Neuville-Sur-Saône,https://www.notaires.fr/fr/office/lamamra-terec,notaires.fr,2026-06-19 13:25:37
Office notarial LAMOTHE Damien à LYON (69007) | 193 rue Marcel Mérieux,damien.lamothe@notaires.fr,damien.lamothe@notaires.fr,0481912650,0481912650,Bureau principal 193 rue Marcel Mérieux 69007 LYON France,Auvergne-Rhône-Alpes,Rhône,Lyon,https://www.notaires.fr/fr/office/lamothe-damien,notaires.fr,2026-06-19 13:25:39
"Office notarial LANGARD-NOTAIRE, SELARL à LYON (69008) | 11, rue Berchet",jean-baptiste.langard@notaires.fr,jean-baptiste.langard@notaires.fr,0437905470,0437905470,"Bureau principal 11, rue Berchet 69008 LYON France",Auvergne-Rhône-Alpes,Rhône,Lyon,https://www.notaires.fr/fr/office/langard-notaire-selarl,notaires.fr,2026-06-19 13:25:41
"Office notarial LAUTREY et associée, SELARL à VINDRY-SUR-TURDINE - PONTCHARRA SUR TURDINE (69490) | 4 allée Henri Dunant",julie.lautrey@notaires.fr,julie.lautrey@notaires.fr,0474056119,0474056119,Bureau principal 4 allée Henri Dunant 69490 VINDRY-SUR-TURDINE - PONTCHARRA SUR TURDINE France,Auvergne-Rhône-Alpes,Rhône,Vindry-Sur-Turdine - Pontcharra Sur Turdine,https://www.notaires.fr/fr/office/lautrey-et-associee-selarl,notaires.fr,2026-06-19 13:25:43
Office notarial ABEL Elsa à LYON (69002) | 3 cours Charlemagne,elsa.abel@notaires.fr,elsa.abel@notaires.fr,0485680144,0485680144,Bureau principal 3 cours Charlemagne 69002 LYON France,Auvergne-Rhône-Alpes,Rhône,Lyon,https://www.notaires.fr/fr/office/abel-elsa,notaires.fr,2026-06-19 13:22:44
"Office notarial ACTANOT, SELARL à SÉRÉZIN-DU-RHÔNE (69360) | 1 Route Départementale 312",actanot.69119@notaires.fr,actanot.69119@notaires.fr,0472246206,0472246206,Bureau principal 1 Route Départementale 312 69360 SÉRÉZIN-DU-RHÔNE France,Auvergne-Rhône-Alpes,Rhône,Sérézin-Du-Rhône,https://www.notaires.fr/fr/office/actanot-selarl,notaires.fr,2026-06-19 13:22:46
Office notarial ACTES@VAULX; SELARL à VAULX-EN-VELIN (69120) | 2 rue Lounès Matoub,actesavaulx@notaires.fr,actesavaulx@notaires.fr,0478799224,0478799224,Bureau principal 2 rue Lounès Matoub 69120 VAULX-EN-VELIN France,Auvergne-Rhône-Alpes,Rhône,Vaulx-En-Velin,https://www.notaires.fr/fr/office/actesvaulx-selarl,notaires.fr,2026-06-19 13:22:48
Office notarial ADAMO Emilie à COMMUNAY (69360) | 2 route de Marennes,emilie.adamo@eadamo.notaires.fr,emilie.adamo@eadamo.notaires.fr,0430090120,0430090120,Bureau principal 2 route de Marennes 69360 COMMUNAY France,Auvergne-Rhône-Alpes,Rhône,Communay,https://www.notaires.fr/fr/office/adamo-emilie,notaires.fr,2026-06-19 13:22:50
"Office notarial AGI & ASSOCIES, SELAS à VILLEURBANNE (69100) | 180 cours Emile Zola",office69111.villeurbanne@notaires.fr,office69111.villeurbanne@notaires.fr,0472657515,0472657515,Bureau principal 180 cours Emile Zola 69100 VILLEURBANNE France,Auvergne-Rhône-Alpes,Rhône,Villeurbanne,https://www.notaires.fr/fr/office/agi-associes-selas,notaires.fr,2026-06-19 13:22:52
"Office notarial AINAY Notaires, SELARL à LYON (69002) | 18 rue Bourgelat",office.ainay@notaires.fr,office.ainay@notaires.fr,0478380410,0478380410,Bureau principal 18 rue Bourgelat 69002 LYON France,Auvergne-Rhône-Alpes,Rhône,Lyon,https://www.notaires.fr/fr/office/ainay-notaires-selarl,notaires.fr,2026-06-19 13:22:54
Office notarial ALEXANDRE Stéphane à LYON (69004) | 4 bis rue de Belfort,stephane.alexandre@notaires.fr,stephane.alexandre@notaires.fr,0478089786,0478089786,Bureau principal 4 bis rue de Belfort 69004 LYON France,Auvergne-Rhône-Alpes,Rhône,Lyon,https://www.notaires.fr/fr/office/alexandre-stephane,notaires.fr,2026-06-19 13:22:56
"Office notarial ALLARD-LAURENT, Notaire, SELARL à associé unique à TARARE (69170) | 1 A avenue Edouard Herriot",vinciane.allard@notaires.fr,vinciane.allard@notaires.fr,0474632039,0474632039,Bureau principal 1 A avenue Edouard Herriot 69170 TARARE France,Auvergne-Rhône-Alpes,Rhône,Tarare,https://www.notaires.fr/fr/office/allard-laurent-notaire-selarl-associe-unique,notaires.fr,2026-06-19 13:22:58
"Office notarial AMSELLAM-ZAOUI, notaire associé, SELARL à JONAGE (69330) | 85 boulevard Pradel",martine.amsellam-zaoui@notaires.fr,martine.amsellam-zaoui@notaires.fr,0437440123,0437440123,Bureau principal 85 boulevard Pradel 69330 JONAGE France,Auvergne-Rhône-Alpes,Rhône,Jonage,https://www.notaires.fr/fr/office/amsellam-zaoui-notaire-associe-selarl,notaires.fr,2026-06-19 13:23:00
"Office notarial ANDENOT, SELARL à BEAUVALLON - ST ANDEOL LE CHATEAU (69700) | 61 rue des Pinaises",scp.watteau-didier@andenot.notaires.fr,scp.watteau-didier@andenot.notaires.fr,0478730130,0478730130,Bureau principal 61 rue des Pinaises 69700 BEAUVALLON - ST ANDEOL LE CHATEAU France,Auvergne-Rhône-Alpes,Rhône,Beauvallon - St Andeol Le Chateau,https://www.notaires.fr/fr/office/andenot-selarl,notaires.fr,2026-06-19 13:23:02
Office notarial ANGLADE et associés à NEUVILLE-SUR-SAÔNE (69250) | 2 bis rue Jacques,notaires.neuville@onvs.notaires.fr,notaires.neuville@onvs.notaires.fr,0478913016,0478913016,Bureau principal 2 bis rue Jacques 69250 NEUVILLE-SUR-SAÔNE France,Auvergne-Rhône-Alpes,Rhône,Neuville-Sur-Saône,https://www.notaires.fr/fr/office/anglade-et-associes,notaires.fr,2026-06-19 13:23:04
Office notarial ARAKELIAN Hovhannès à LYON (69007) | 289 rue Garibaldi,hovhannes.arakelian@notaires.fr,hovhannes.arakelian@notaires.fr,0481132155,0481132155,Bureau principal 289 rue Garibaldi 69007 LYON France,Auvergne-Rhône-Alpes,Rhône,Lyon,https://www.notaires.fr/fr/office/arakelian-hovhannes,notaires.fr,2026-06-19 13:23:07
Office notarial ARCHERS NOTAIRES à LYON (69002) | 10 rue des Archers,archers.69026@notaires.fr,archers.69026@notaires.fr,0472778977,0472778977,Bureau principal 10 rue des Archers 69002 LYON France,Auvergne-Rhône-Alpes,Rhône,Lyon,https://www.notaires.fr/fr/office/archers-notaires,notaires.fr,2026-06-19 13:23:10
"Office notarial ASTERIA, SELARL à TASSIN-LA-DEMI-LUNE (69160) | 91 bis avenue de la République",office@asteria.notaires.fr,office@asteria.notaires.fr,0427830600,0427830600,Bureau principal 91 bis avenue de la République 69160 TASSIN-LA-DEMI-LUNE France,Auvergne-Rhône-Alpes,Rhône,Tassin-La-Demi-Lune,https://www.notaires.fr/fr/office/asteria-selarl,notaires.fr,2026-06-19 13:23:12
Office notarial AUBERTIN Claudine à LYON (69002) | 2 rue Charles Baudelaire,aubertin-darse-confluence@notaires.fr,aubertin-darse-confluence@notaires.fr,0412042658,0412042658,Bureau principal 2 rue Charles Baudelaire 69002 LYON France,Auvergne-Rhône-Alpes,Rhône,Lyon,https://www.notaires.fr/fr/office/aubertin-claudine,notaires.fr,2026-06-19 13:23:14
Office notarial AUBIN et associés à GENAS (69740) | 38 RUE DE LA REPUBLIQUE,office-notarial.genas@notaires.fr,office-notarial.genas@notaires.fr,0478901003,0478901003,Bureau principal 38 RUE DE LA REPUBLIQUE 69740 GENAS France,Auvergne-Rhône-Alpes,Rhône,Genas,https://www.notaires.fr/fr/office/aubin-et-associes,notaires.fr,2026-06-19 13:23:16
Office notarial AUCOEUR Florence à BELLEVILLE-EN-BEAUJOLAIS - BELLEVILLE (69220) | 2 rue de la Blanchisserie,florence.aucoeur@notaires.fr,florence.aucoeur@notaires.fr,0474694208,0474694208,Bureau principal 2 rue de la Blanchisserie 69220 BELLEVILLE-EN-BEAUJOLAIS - BELLEVILLE France,Auvergne-Rhône-Alpes,Rhône,Belleville-En-Beaujolais - Belleville,https://www.notaires.fr/fr/office/aucoeur-florence,notaires.fr,2026-06-19 13:23:18
"Office notarial AUTHENTICA NOTAIRE, SELARL à associé unique à LYON (69003) | 228 rue de Vendôme",authentica@notaires.fr,authentica@notaires.fr,04-28-29-28-10,04-28-29-28-10,Bureau principal 228 rue de Vendôme 69003 LYON France,Auvergne-Rhône-Alpes,Rhône,Lyon,https://www.notaires.fr/fr/office/authentica-notaire-selarl-associe-unique,notaires.fr,2026-06-19 13:23:20
Office notarial AZEDDIOUI Karim à LYON (69006) | 151 rue Cuvier,etude.k2@notaires.fr,etude.k2@notaires.fr,0478765252,0478765252,Bureau principal 151 rue Cuvier 69006 LYON France,Auvergne-Rhône-Alpes,Rhône,Lyon,https://www.notaires.fr/fr/office/azeddioui-karim,notaires.fr,2026-06-19 13:23:21
"Office notarial AZOULAY, notaire associé, SELARL à RILLIEUX-LA-PAPE (69140) | 2848 route de Strasbourg",etude@azoulay.notaires.fr,etude@azoulay.notaires.fr,0472883604,0472883604,Bureau principal 2848 route de Strasbourg 69140 RILLIEUX-LA-PAPE France,Auvergne-Rhône-Alpes,Rhône,Rillieux-La-Pape,https://www.notaires.fr/fr/office/azoulay-notaire-associe-selarl,notaires.fr,2026-06-19 13:23:23
Office notarial BALAY Nathalie à LYON (69002) | 13 Rue Emile Zola,nathalie.balay@notaires.fr,nathalie.balay@notaires.fr,0472155885,0472155885,Bureau principal 13 Rue Emile Zola 69002 LYON France,Auvergne-Rhône-Alpes,Rhône,Lyon,https://www.notaires.fr/fr/office/balay-nathalie,notaires.fr,2026-06-19 13:23:25
Office notarial BARET Alain à LYON (69003) | 286 rue Garibaldi,alain.baret@69295.notaires.fr,alain.baret@69295.notaires.fr;alainbaret@notaires.fr,0478602724,0478602724,Bureau principal 286 rue Garibaldi 69003 LYON France,Auvergne-Rhône-Alpes,Rhône,Lyon,https://www.notaires.fr/fr/office/baret-alain,notaires.fr,2026-06-19 13:23:26
Office notarial BAS Jean-Baptiste à LYON (69002) | 54 rue du Président Edouard Herriot,jean-baptiste.bas@notaires.fr,jean-baptiste.bas@notaires.fr,0630262903,0630262903,Bureau principal 54 rue du Président Edouard Herriot 69002 LYON France,Auvergne-Rhône-Alpes,Rhône,Lyon,https://www.notaires.fr/fr/office/bas-jean-baptiste,notaires.fr,2026-06-19 13:23:28
Office notarial BAUDONCQ Jérôme à LYON (69006) | 124 rue Bugeaud,jerome.baudoncq@69300.notaires.fr,jerome.baudoncq@69300.notaires.fr,0458282275,0458282275,Bureau principal 124 rue Bugeaud 69006 LYON France,Auvergne-Rhône-Alpes,Rhône,Lyon,https://www.notaires.fr/fr/office/baudoncq-jerome,notaires.fr,2026-06-19 13:23:30
Office notarial BAZAILLE & Associés à GIVORS (69700) | 23 rue Denfert Rochereau,bazaille.associes@notaires.fr,bazaille.associes@notaires.fr,0478730111,0478730111,Bureau principal 23 rue Denfert Rochereau 69700 GIVORS France,Auvergne-Rhône-Alpes,Rhône,Givors,https://www.notaires.fr/fr/office/bazaille-associes,notaires.fr,2026-06-19 13:23:32
"Office notarial BBS NOTAIRES, SELAS à LYON (69005) | 40-41 quai Fulchiron",berengere.bois-samier@notaires.fr,berengere.bois-samier@notaires.fr,04.28.38.41.42,04.28.38.41.42,Bureau principal 40-41 quai Fulchiron 69005 LYON France,Auvergne-Rhône-Alpes,Rhône,Lyon,https://www.notaires.fr/fr/office/bbs-notaires-selas,notaires.fr,2026-06-19 13:23:34
Office notarial BECKER Camille à SAINT-BONNET-DE-MURE (69720) | 45 avenue Charles de Gaulle,camille.becker@becker.notaires.fr,camille.becker@becker.notaires.fr,0478337219,0478337219,Bureau principal 45 avenue Charles de Gaulle 69720 SAINT-BONNET-DE-MURE France,Auvergne-Rhône-Alpes,Rhône,Saint-Bonnet-De-Mure,https://www.notaires.fr/fr/office/becker-camille,notaires.fr,2026-06-19 13:23:35
"Office notarial BELLON BESSE NOTAIRE, SELARL à LYON (69006) | 84 boulevard des Belges",christine.bellon-besse@notaires.fr,christine.bellon-besse@notaires.fr,0487870413,0487870413,Bureau principal 84 boulevard des Belges 69006 LYON France,Auvergne-Rhône-Alpes,Rhône,Lyon,https://www.notaires.fr/fr/office/bellon-besse-notaire-selarl,notaires.fr,2026-06-19 13:23:37
"Office notarial BERGER et associé, SELARL à SAINT-LAURENT-DE-CHAMOUSSET (69930) | 111 place du Plâtre",selarl.berger-abellard@notaires.fr,selarl.berger-abellard@notaires.fr,0474705133,0474705133,Bureau principal 111 place du Plâtre 69930 SAINT-LAURENT-DE-CHAMOUSSET France,Auvergne-Rhône-Alpes,Rhône,Saint-Laurent-De-Chamousset,https://www.notaires.fr/fr/office/berger-et-associe-selarl,notaires.fr,2026-06-19 13:23:39
Office notarial BERSIHAND-VIDECOQ Julie à TASSIN-LA-DEMI-LUNE (69160) | 111 avenue Charles de Gaulle,julie.bersihand-videcoq@notaires.fr,julie.bersihand-videcoq@notaires.fr,0478400017,0478400017,Bureau principal 111 avenue Charles de Gaulle 69160 TASSIN-LA-DEMI-LUNE France,Auvergne-Rhône-Alpes,Rhône,Tassin-La-Demi-Lune,https://www.notaires.fr/fr/office/bersihand-videcoq-julie,notaires.fr,2026-06-19 13:23:41
Office notarial BERTOLINO Chloé à VILLEFRANCHE-SUR-SAÔNE (69400) | 60 avenue Théodore Braun,contact.69034@notaires.fr,contact.69034@notaires.fr,0485680098,0485680098,Bureau principal 60 avenue Théodore Braun 69400 VILLEFRANCHE-SUR-SAÔNE France,Auvergne-Rhône-Alpes,Rhône,Villefranche-Sur-Saône,https://www.notaires.fr/fr/office/bertolino-chloe,notaires.fr,2026-06-19 13:23:42
Office notarial BONNAFE Victor à LYON (69006) | 93-95 rue Vendôme,victor.bonnafe@notaires.fr,victor.bonnafe@notaires.fr,0485680097,0485680097,Bureau principal 93-95 rue Vendôme 69006 LYON France,Auvergne-Rhône-Alpes,Rhône,Lyon,https://www.notaires.fr/fr/office/bonnafe-victor,notaires.fr,2026-06-19 13:23:44
Office notarial BONNEFOND et associé à LYON (69002) | 45 RUE DE LA REPUBLIQUE,scp.bonnefondetassocies@notaires.fr,scp.bonnefondetassocies@notaires.fr,0478420081,0478420081,Bureau principal 45 RUE DE LA REPUBLIQUE 69002 LYON France,Auvergne-Rhône-Alpes,Rhône,Lyon,https://www.notaires.fr/fr/office/bonnefond-et-associe,notaires.fr,2026-06-19 13:23:46
"Office notarial BONNEFOY, notaire associée, SELARL à CALUIRE-ET-CUIRE (69300) | 71-73 rue Jean Moulin",etudebonnefoy@bonnefoy.notaires.fr,etudebonnefoy@bonnefoy.notaires.fr,0472055122,0472055122,Bureau principal 71-73 rue Jean Moulin 69300 CALUIRE-ET-CUIRE France,Auvergne-Rhône-Alpes,Rhône,Caluire-Et-Cuire,https://www.notaires.fr/fr/office/bonnefoy-notaire-associee-selarl,notaires.fr,2026-06-19 13:23:47
Office notarial BOUCHET-DOUMENQ Anne-Charlotte à LYON (69008) | 121 Avenue des Frères Lumière,anne.bd@69230.notaires.fr,anne.bd@69230.notaires.fr,0428299332,0428299332,Bureau principal 121 Avenue des Frères Lumière 69008 LYON France,Auvergne-Rhône-Alpes,Rhône,Lyon,https://www.notaires.fr/fr/office/bouchet-doumenq-anne-charlotte,notaires.fr,2026-06-19 13:23:49
Office notarial BOUZOUINA Adel à LYON (69006) | 111 rue Masséna,,,0000000000,0000000000,Bureau principal 111 rue Masséna 69006 LYON France,Auvergne-Rhône-Alpes,Rhône,Lyon,https://www.notaires.fr/fr/office/bouzouina-adel,notaires.fr,2026-06-19 13:23:50
Office notarial BOY Marion à LOZANNE (69380) | 220 route de Lyon,marion.boy@notaires.fr,marion.boy@notaires.fr,0000000000,0000000000,Bureau principal 220 route de Lyon 69380 LOZANNE France,Auvergne-Rhône-Alpes,Rhône,Lozanne,https://www.notaires.fr/fr/office/boy-marion,notaires.fr,2026-06-19 13:23:52
"Office notarial BRAC DE LA PERRIERE et associés, SAS à LYON (69003) | 31 cours du Docteur Long",mederic.bracdelaperriere@notaires.fr,mederic.bracdelaperriere@notaires.fr,0472341278,0472341278,Bureau principal 31 cours du Docteur Long 69003 LYON France,Auvergne-Rhône-Alpes,Rhône,Lyon,https://www.notaires.fr/fr/office/brac-de-la-perriere-et-associes-sas,notaires.fr,2026-06-19 13:23:54
Office notarial BREMENS Florent à LYON (69006) | 76 rue Ney,florent.bremens@notaires.fr,florent.bremens@notaires.fr,0481912840,0481912840,Bureau principal 76 rue Ney 69006 LYON France,Auvergne-Rhône-Alpes,Rhône,Lyon,https://www.notaires.fr/fr/office/bremens-florent,notaires.fr,2026-06-19 13:23:55
Office notarial BRIOT Sophie à LYON (69003) | 34 rue Servient,sophie.briot@69242.notaires.fr,sophie.briot@69242.notaires.fr,0481914691,0481914691,Bureau principal 34 rue Servient 69003 LYON France,Auvergne-Rhône-Alpes,Rhône,Lyon,https://www.notaires.fr/fr/office/briot-sophie,notaires.fr,2026-06-19 13:23:57
Office notarial BRUN et associé à LYON (69003) | 234 cours Lafayette,accueil@69005.notaires.fr,accueil@69005.notaires.fr,0472844545,0472844545,Bureau principal 234 cours Lafayette 69003 LYON France,Auvergne-Rhône-Alpes,Rhône,Lyon,https://www.notaires.fr/fr/office/brun-et-associe,notaires.fr,2026-06-19 13:23:59
Office notarial BURESI Carla-Marie à LYON (69006) | 53 avenue Maréchal Foch,carla-marie.buresi@notaires.fr,carla-marie.buresi@notaires.fr,0437608481,0437608481,Bureau principal 53 avenue Maréchal Foch 69006 LYON France,Auvergne-Rhône-Alpes,Rhône,Lyon,https://www.notaires.fr/fr/office/buresi-carla-marie,notaires.fr,2026-06-19 13:24:01
Office notarial CHARTIER Jean-Philippe à LENTILLY (69210) | 19 Route Nationale 7,chartier.jp@69258.notaires.fr,chartier.jp@69258.notaires.fr,0616082033,0616082033,Bureau principal 19 Route Nationale 7 69210 LENTILLY France,Auvergne-Rhône-Alpes,Rhône,Lentilly,https://www.notaires.fr/fr/office/chartier-jean-philippe,notaires.fr,2026-06-19 13:24:03
Office notarial CHATELARD Gaëlle à SAINTE-FOY-L'ARGENTIÈRE (69610) | 31 Place du Centre,gaelle.chatelard@notaires.fr,gaelle.chatelard@notaires.fr,0478406487,0478406487,Bureau principal 31 Place du Centre 69610 SAINTE-FOY-L'ARGENTIÈRE France,Auvergne-Rhône-Alpes,Rhône,Sainte-Foy-L'argentière,https://www.notaires.fr/fr/office/chatelard-gaelle,notaires.fr,2026-06-19 13:24:05
"Office notarial CHAZALETTE, SELURL à LYON (69001) | 22 rue Constantine",j.chazalette@notaires.fr,j.chazalette@notaires.fr,0478805587,0478805587,Bureau principal 22 rue Constantine 69001 LYON France,Auvergne-Rhône-Alpes,Rhône,Lyon,https://www.notaires.fr/fr/office/chazalette-selurl,notaires.fr,2026-06-19 13:24:07
Office notarial CHERET Louis à VILLEFRANCHE-SUR-SAÔNE (69400) | 40 Rue Auguste Aucour,louis.cheret@notaires.fr,louis.cheret@notaires.fr,0474600322,0474600322,Bureau principal 40 Rue Auguste Aucour 69400 VILLEFRANCHE-SUR-SAÔNE France,Auvergne-Rhône-Alpes,Rhône,Villefranche-Sur-Saône,https://www.notaires.fr/fr/office/cheret-louis,notaires.fr,2026-06-19 13:24:09
"Office notarial CHONIK, SELARL à associé unique à RILLIEUX-LA-PAPE (69140) | 2609 route de Strasbourg",thibault.chonik@notaires.fr,thibault.chonik@notaires.fr,0428383737,0428383737,Bureau principal 2609 route de Strasbourg 69140 RILLIEUX-LA-PAPE France,Auvergne-Rhône-Alpes,Rhône,Rillieux-La-Pape,https://www.notaires.fr/fr/office/chonik-selarl-associe-unique,notaires.fr,2026-06-19 13:24:11
"Office notarial CLEALP NOTAIRES, SELARL à LYON (69008) | 5, Place des Frères Voisin",clarisse.sangarin@clealp.notaires.fr,clarisse.sangarin@clealp.notaires.fr,0450730221,0450730221,"Bureau principal 5, Place des Frères Voisin 69008 LYON France",Auvergne-Rhône-Alpes,Rhône,Lyon,https://www.notaires.fr/fr/office/clealp-notaires-selarl-0,notaires.fr,2026-06-19 13:24:13
Office notarial COILLARD TERRIER Clémence à ARNAS (69400) | 83 impasse des Barrières,terrier.clemence@notaires.fr,terrier.clemence@notaires.fr,0482839730,0482839730,Bureau principal 83 impasse des Barrières 69400 ARNAS France,Auvergne-Rhône-Alpes,Rhône,Arnas,https://www.notaires.fr/fr/office/coillard-terrier-clemence,notaires.fr,2026-06-19 13:24:14
Office notarial COLAS Laura à LYON (69003) | 204 rue de Vendôme,laura.colas@notaires.fr,laura.colas@notaires.fr,0422580145,0422580145,Bureau principal 204 rue de Vendôme 69003 LYON France,Auvergne-Rhône-Alpes,Rhône,Lyon,https://www.notaires.fr/fr/office/colas-laura,notaires.fr,2026-06-19 13:24:16
